id,product_id,tag_id
1,1,1
10,1,2
11,1,3
17,1,4
18,1,5
21,1,6
13217,1,141
16724,1,142
992,1,204
13214,1,285
13215,1,321
2031,1,564
13216,1,3733
16725,1,3734
4638,1,4971
16726,1,19794
22,2,7
23,2,8
72,2,9
73,3,10
75,3,11
76,3,12
78,3,13
13342,3,5604
74,4,10
77,4,12
13341,4,13
144,4,14
165,4,17
13340,4,16408
79,5,13
166,5,18
184,5,19
186,5,20
187,5,21
189,5,22
194,5,23
245,5,24
145,6,14
167,6,18
185,6,19
195,6,23
248,6,28
250,6,30
251,7,32
252,7,33
15748,7,141
675,7,156
743,7,170
13359,7,180
1227,7,230
1267,7,246
1358,7,291
1385,7,308
1388,7,321
1917,7,532
14943,7,1088
15751,7,1442
3630,7,2774
3631,7,2775
3676,7,3012
3820,7,3441
15749,7,3734
4579,7,4780
4741,7,5330
4742,7,5333
15507,7,18575
15508,7,18576
15509,7,18577
15747,7,18815
15750,7,18818
2,8,1
80,8,13
13939,8,14
196,8,23
253,8,34
11421,8,204
1205,8,222
1323,8,285
1389,8,321
1675,8,430
2071,8,573
2318,8,643
13940,8,1527
14184,8,2153
3439,8,2188
3612,8,2705
3613,8,2706
3,9,1
254,9,34
82,12,13
257,12,42
265,12,43
15248,12,170
1117,12,216
1391,12,321
15249,12,522
258,13,42
266,13,43
259,14,42
267,14,43
12,15,3
24,15,8
83,15,13
260,15,42
268,15,43
993,15,204
1392,15,321
1819,15,496
1883,15,522
2033,15,564
3776,15,3391
4433,15,4432
261,16,42
269,16,43
262,17,42
270,17,43
263,18,42
271,18,43
275,22,43
286,22,62
13297,22,65
287,23,64
288,23,65
311,23,66
26,24,8
85,24,13
314,24,67
315,24,68
378,24,95
530,24,122
611,24,141
13593,24,169
932,24,186
964,24,198
996,24,204
1119,24,216
1208,24,222
11669,24,246
12821,24,291
1395,24,321
1453,24,332
1626,24,402
1652,24,403
1676,24,430
1793,24,484
1794,24,487
1967,24,550
1983,24,563
2034,24,564
2087,24,578
2135,24,583
2147,24,584
2169,24,598
2240,24,605
2494,24,788
2629,24,950
15358,24,965
2706,24,1029
2762,24,1060
2773,24,1064
2969,24,1261
2971,24,1262
2972,24,1263
2973,24,1264
3383,24,2117
3431,24,2171
14570,24,2274
14569,24,3179
3743,24,3317
3750,24,3332
3751,24,3333
3886,24,3656
13590,24,3733
3992,24,3734
4089,24,3763
4123,24,3772
4214,24,3984
4468,24,4572
15071,24,4612
4496,24,4624
4497,24,4626
16119,24,5064
4764,24,5427
4765,24,5428
11794,24,6236
5074,24,6293
5075,24,6295
13508,24,6558
16122,24,6813
10781,24,13849
10782,24,13850
12743,24,15811
15355,24,16749
15072,24,18140
15632,24,18700
15633,24,18701
87,26,13
317,26,68
350,26,69
10965,26,141
998,26,204
1736,26,465
1795,26,487
2624,26,936
10963,26,965
2668,26,988
3195,26,1688
10574,26,3734
10573,26,13641
28,27,8
318,27,68
351,27,73
492,27,110
531,27,122
15793,27,131
10490,27,141
15791,27,142
999,27,204
15056,27,246
15853,27,321
1677,27,430
1796,27,487
2088,27,578
2560,27,851
2564,27,853
2568,27,854
3419,27,2163
3706,27,3173
15790,27,3584
3921,27,3733
3993,27,3734
4445,27,4515
4447,27,4516
15058,27,4519
10487,27,13555
14833,27,16524
15855,27,18923
29,28,8
88,28,13
199,28,23
319,28,68
352,28,75
1000,28,204
1209,28,222
1396,28,321
1742,28,467
1797,28,487
10582,28,578
15116,28,598
2626,28,941
12702,28,965
3922,28,3733
3994,28,3734
4090,28,3763
4307,28,4128
4312,28,4133
4573,28,4771
4737,28,5325
4740,28,5326
4958,28,5955
5341,28,7425
5512,28,8370
15505,28,16474
320,29,68
353,29,77
89,30,13
354,30,79
356,30,80
361,30,81
379,30,95
502,30,115
532,30,122
569,30,133
612,30,141
16637,30,142
1001,30,204
15510,30,246
1397,30,321
1454,30,332
1526,30,343
1542,30,347
1678,30,430
1985,30,563
2036,30,564
2209,30,601
2757,30,1059
3008,30,1387
15344,30,1527
3354,30,2012
3730,30,3260
3923,30,3733
3995,30,3734
4091,30,3763
4215,30,3984
4486,30,4607
4500,30,4635
4501,30,4639
4699,30,5185
4700,30,5186
5521,30,8430
5523,30,8439
5524,30,8440
15512,30,8470
14875,30,15772
16246,30,15852
15840,30,16294
15030,30,16457
13743,30,16811
16636,30,18027
16633,30,19701
16935,30,20003
30,31,8
90,31,13
355,31,79
357,31,80
362,31,81
372,31,85
380,31,95
503,31,115
527,31,121
533,31,122
558,31,130
613,31,141
659,31,142
923,31,182
1002,31,204
1398,31,321
1455,31,332
1543,31,347
1627,31,402
1968,31,550
1986,31,563
13525,31,564
2312,31,641
2680,31,1001
2681,31,1004
2707,31,1029
2938,31,1216
3224,31,1764
3225,31,1770
3731,31,3260
3924,31,3733
3996,31,3734
4092,31,3763
4334,31,4182
4335,31,4183
4339,31,4184
4340,31,4185
4342,31,4186
4343,31,4187
5036,31,6202
5037,31,6206
5138,31,6540
5518,31,8407
13277,31,16345
13459,31,16457
13460,31,16528
13524,31,16592
13758,31,16826
16037,31,19105
358,32,80
363,32,81
374,32,86
2089,32,578
3104,32,1545
31,33,8
359,33,80
364,33,81
375,33,89
381,33,95
2090,33,578
2445,33,757
4493,33,4613
4627,33,4932
4629,33,4935
5533,33,8470
5534,33,8472
13448,33,16516
13449,33,16517
91,34,13
200,34,23
360,34,80
365,34,81
376,34,92
382,34,95
504,34,115
11003,34,141
15837,34,153
1003,34,204
1399,34,321
1456,34,332
1715,34,457
1725,34,458
1987,34,563
2037,34,564
3103,34,1541
3105,34,1545
3535,34,2494
16748,34,3733
11002,34,3734
5427,34,7912
13370,34,8430
13368,34,16436
13369,34,16437
439,35,96
440,35,97
446,35,98
839,35,176
1820,35,496
2321,35,643
16947,35,5064
5386,35,7714
5388,35,7717
5541,35,8489
5542,35,8490
16614,35,13694
16612,35,17837
16615,35,19683
441,36,97
485,36,99
486,36,101
442,37,97
487,37,101
489,37,102
443,38,97
488,38,101
490,38,105
505,41,115
520,41,116
521,41,117
526,41,118
13272,41,3733
13271,41,16339
13273,41,16341
10976,57,141
13224,57,153
693,57,167
725,57,168
13707,57,180
3076,57,1488
3077,57,1489
3078,57,1490
3079,57,1491
10977,57,3734
13225,57,16293
16626,60,8
616,60,141
661,60,142
694,60,167
793,60,174
2298,60,631
3061,60,1442
3679,60,3033
3926,60,3733
3998,60,3734
4216,60,3984
4474,60,4583
4475,60,4584
4476,60,4590
5394,60,7735
13235,60,16293
13234,60,16294
16627,60,19695
16628,60,19696
16629,60,19697
13230,61,153
833,61,175
840,61,176
13231,61,16293
12674,65,132
618,65,141
662,65,142
13228,65,153
881,65,179
929,65,184
14816,65,230
1247,65,240
13935,65,253
13934,65,296
2258,65,607
2262,65,608
3218,65,1745
3773,65,3387
12676,65,3733
4234,65,3996
4266,65,4061
4267,65,4064
13936,65,4549
4818,65,5586
5277,65,7082
5278,65,7086
12659,65,15727
12660,65,15728
12675,65,15743
13229,65,16293
13240,67,153
939,67,187
943,67,188
13241,67,16293
35,68,8
13246,68,153
914,68,181
2267,68,612
2292,68,619
2296,68,624
13247,68,16293
947,69,191
948,69,192
13249,69,16293
13248,69,16316
13254,71,153
915,71,181
925,71,182
13255,71,16323
13256,72,153
916,72,181
965,72,198
13257,72,16323
13260,74,153
930,74,184
990,74,201
13261,74,16323
991,75,203
1006,75,204
2136,75,583
2455,75,772
4549,75,4734
4553,75,4736
4558,75,4744
4559,75,4745
13264,75,16294
13265,75,16323
14917,75,17985
1087,76,205
1089,76,206
13266,76,16294
13267,76,16323
13268,77,153
1095,77,207
1096,77,208
13269,77,16323
1101,78,209
1102,78,210
13263,78,16323
13262,78,16330
94,79,13
148,79,14
202,79,23
385,79,95
571,79,133
672,79,153
1007,79,204
1103,79,211
15257,79,288
1458,79,332
1628,79,402
1726,79,458
15258,79,479
1969,79,550
14900,79,564
2079,79,574
2137,79,583
2309,79,639
15217,79,641
2495,79,788
2565,79,853
2590,79,898
2644,79,965
2672,79,990
2755,79,1053
2758,79,1059
3009,79,1387
3265,79,1843
3434,79,2175
3760,79,3360
3771,79,3373
16278,79,3656
3929,79,3733
4001,79,3734
13533,79,4133
4384,79,4300
4404,79,4364
4529,79,4696
4530,79,4697
4531,79,4700
10546,79,5665
5139,79,6540
13532,79,6563
5259,79,6983
5260,79,6984
10547,79,13612
12327,79,15395
16277,79,19345
738,81,169
1121,81,216
203,83,23
386,83,95
579,83,137
1588,83,385
1864,83,513
12797,83,2634
4074,83,3743
4413,83,4380
4415,83,4385
10936,89,168
893,89,180
1230,89,230
1242,89,233
1314,89,266
1318,89,267
15902,89,601
2480,89,780
2785,89,1083
3054,89,1439
3060,89,1440
3063,89,1442
15905,89,2497
4219,89,3984
4905,89,5807
4907,89,5810
4909,89,5813
4913,89,5814
4914,89,5815
15904,89,18972
560,94,131
680,94,156
1127,94,216
1261,94,244
1266,94,245
1321,94,281
1322,94,284
13353,94,288
13352,94,291
1401,94,321
1444,94,322
205,95,23
602,95,140
681,95,156
1008,95,204
1128,95,216
1233,95,230
1268,95,246
1326,95,285
1337,95,286
1402,95,321
1445,95,322
1495,95,339
1590,95,385
1821,95,496
1991,95,563
2323,95,643
2645,95,965
2951,95,1222
2954,95,1223
15813,95,2119
3412,95,2162
4172,95,3883
4684,95,5119
4685,95,5124
15814,95,7086
15282,95,16457
15548,95,18616
95,97,13
191,97,22
623,97,141
797,97,174
949,97,192
966,97,198
1010,97,204
1234,97,230
1250,97,240
1273,97,250
1282,97,251
13867,97,255
13067,97,291
10856,97,296
1459,97,332
1514,97,340
1591,97,385
1992,97,563
2060,97,567
2063,97,568
2065,97,570
2094,97,578
2171,97,598
5750,97,599
2211,97,601
11968,97,667
2363,97,677
2426,97,737
12171,97,920
2682,97,1005
2710,97,1029
2786,97,1084
2898,97,1151
2917,97,1187
3038,97,1415
3108,97,1554
3117,97,1568
3118,97,1569
3119,97,1572
3310,97,1955
3312,97,1956
3376,97,2098
3381,97,2101
3382,97,2104
10935,97,2153
14464,97,2497
15907,97,2912
3673,97,2978
3691,97,3103
3692,97,3105
3725,97,3217
3726,97,3222
3733,97,3272
3774,97,3387
3868,97,3581
13846,97,3584
3918,97,3732
3932,97,3733
4005,97,3734
4117,97,3764
4220,97,3984
11967,97,4105
4325,97,4157
4441,97,4457
4671,97,5031
4672,97,5033
13393,97,5186
4910,97,5813
4915,97,5817
5016,97,6157
5017,97,6160
5112,97,6418
5117,97,6467
5123,97,6492
11022,97,6813
5307,97,7283
5479,97,8208
5496,97,8284
5498,97,8298
5679,97,8747
5680,97,8748
5681,97,8749
11014,97,14082
11023,97,14091
11024,97,14092
11268,97,14336
11269,97,14337
11270,97,14338
11271,97,14339
11719,97,14787
15908,97,14979
11969,97,15037
16142,97,15143
12082,97,15150
12454,97,15522
16377,97,15916
13724,97,15998
15198,97,16457
13721,97,16789
13844,97,16912
13866,97,16934
14135,97,17203
14136,97,17204
14206,97,17274
14463,97,17531
14512,97,17580
14584,97,17652
14619,97,17687
15200,97,18268
15201,97,18269
16141,97,19209
16902,97,19970
682,98,156
1235,98,230
1274,98,250
1286,98,253
1361,98,291
1373,98,293
1460,98,332
683,99,156
696,99,167
1290,99,255
13360,99,291
1375,99,296
1461,99,332
1476,99,334
13361,99,563
685,101,156
765,101,171
1129,101,216
13365,101,291
1383,101,302
1496,101,339
3362,101,2024
13071,101,3734
5318,101,7311
5501,101,8309
5503,101,8311
5504,101,8312
5505,101,8313
13073,101,16141
13074,101,16142
13075,101,16143
624,116,141
12860,116,142
686,116,156
15890,116,168
766,116,171
799,116,174
843,116,176
1130,116,216
1236,116,230
1251,116,240
13357,116,291
1384,116,305
1478,116,334
1497,116,339
1928,116,546
2437,116,748
2864,116,1104
3198,116,1692
3199,116,1693
16796,116,2026
3532,116,2489
3604,116,2691
11750,116,2702
3933,116,3733
4007,116,3734
4241,116,4006
4467,116,4569
4469,116,4572
4471,116,4573
4891,116,5762
4892,116,5769
4893,116,5770
4894,116,5771
4982,116,6044
5002,116,6108
5443,116,8000
12842,116,15910
14169,116,17237
14170,116,17238
14850,116,17918
16806,116,19874
16807,116,19875
1131,122,216
1386,122,318
389,135,95
509,135,115
14992,135,125
1532,135,345
1537,135,346
1544,135,347
1553,135,349
4593,135,4832
14990,135,18058
14991,135,18059
1546,137,347
1561,137,350
1573,137,356
511,147,115
1584,147,382
1608,147,386
1614,150,397
1618,150,398
1619,150,399
1091,158,206
1668,158,423
1672,158,424
1674,158,429
1681,158,430
40,159,8
313,159,66
1701,159,432
41,160,8
1098,160,208
1669,160,423
1702,160,432
1703,160,439
1705,160,440
1707,163,445
1709,163,446
1711,163,447
1713,163,448
1708,164,445
1710,164,446
1712,164,447
1714,164,448
101,167,13
207,167,23
323,167,68
1012,167,204
1744,167,467
5611,167,8679
290,174,65
1823,174,496
1849,174,497
291,175,65
1092,175,206
1850,175,500
292,176,65
5636,176,204
1851,176,501
1852,176,503
15595,177,8
293,177,65
395,177,95
968,177,198
5643,177,204
5644,177,231
1405,177,321
1727,177,458
1853,177,503
2097,177,578
15596,177,3733
4760,177,5402
4949,177,5948
4954,177,5949
4955,177,5951
4956,177,5952
4957,177,5953
15597,177,18665
294,178,65
5646,178,231
1824,178,496
1854,178,510
768,183,171
1136,183,216
1910,183,528
538,185,122
10588,185,141
748,185,170
1138,185,216
1269,185,246
1407,185,321
10479,185,496
1886,185,522
2575,185,868
10589,185,3734
5044,185,6232
1139,186,216
1327,186,285
1924,186,538
396,192,95
1015,192,204
1211,192,222
1293,192,255
15992,192,332
1632,192,402
1978,192,558
1980,192,560
1981,192,561
1995,192,563
2040,192,564
2213,192,601
12706,192,788
2884,192,1114
3010,192,1387
12703,192,1402
3789,192,3408
3870,192,3584
3935,192,3733
14756,192,3734
4316,192,4140
4317,192,4144
4326,192,4157
4327,192,4161
4328,192,4162
4329,192,4163
4526,192,4675
16618,192,5064
12704,192,15772
12705,192,15773
13389,192,16457
2098,196,578
5687,196,8587
14819,206,230
2259,206,607
2263,206,608
2265,206,609
14818,206,1440
150,215,14
2307,215,638
2310,215,639
2313,215,641
5706,215,8774
448,216,98
16662,216,141
770,216,171
835,216,175
844,216,176
957,216,194
13907,216,204
14649,216,216
1342,216,288
13411,216,322
1596,216,385
1634,216,402
1825,216,496
1997,216,563
13906,216,564
2215,216,601
11230,216,613
2324,216,643
15165,216,667
2380,216,694
2497,216,788
2505,216,790
2585,216,888
2713,216,1029
2852,216,1103
2865,216,1104
2979,216,1267
3226,216,1778
3228,216,1781
15062,216,2360
3661,216,2926
13762,216,3332
3753,216,3339
3881,216,3619
3882,216,3620
3885,216,3649
12385,216,3713
3937,216,3733
4011,216,3734
4124,216,3772
4173,216,3883
16432,216,3919
4202,216,3948
4221,216,3984
4276,216,4087
4282,216,4096
16434,216,4097
4622,216,4926
4656,216,5005
4657,216,5006
4679,216,5087
4998,216,6084
5133,216,6516
5134,216,6525
11524,216,6813
5233,216,6886
5234,216,6888
5235,216,6891
5236,216,6892
5237,216,6893
5399,216,7773
16154,216,8129
5565,216,8557
13761,216,16457
13412,216,16480
13413,216,16481
13456,216,16524
13763,216,16831
16255,216,17026
16155,216,19223
16665,216,19733
1946,218,547
12717,218,601
2344,218,649
2346,218,650
3085,218,1510
3086,218,1511
3699,218,3148
3748,218,3325
3749,218,3326
13497,218,3733
10524,218,3734
4337,218,4183
10525,218,13590
10526,218,13591
12716,218,15784
13431,218,16499
15586,218,18654
15587,218,18655
449,221,98
845,221,176
1297,221,255
13423,221,291
1948,221,547
2099,221,578
16283,221,598
2348,221,656
10784,221,694
2809,221,1088
2830,221,1089
2974,221,1265
2980,221,1267
3154,221,1618
3451,221,2230
3842,221,3501
3865,221,3545
4012,221,3734
4761,221,5407
5151,221,6563
5263,221,6998
5716,221,8784
13571,223,8
499,223,112
10744,223,141
699,223,167
803,223,174
934,223,186
1298,223,255
13426,223,291
1378,223,296
1949,223,547
16291,223,563
2100,223,578
2175,223,598
2217,223,601
2349,223,660
2715,223,1029
2942,223,1218
2950,223,1219
3452,223,2230
3709,223,3173
10743,223,3734
4099,223,3763
4196,223,3939
4252,223,4026
4260,223,4042
4418,223,4396
10878,223,4546
4461,223,4549
4563,223,4757
5319,223,7351
5320,223,7358
5321,223,7359
5322,223,7360
5718,223,8784
10745,223,13813
10879,223,13935
628,230,141
701,230,167
728,230,168
787,230,172
804,230,174
847,230,176
883,230,179
16332,230,230
1253,230,240
1299,230,255
1368,230,291
16320,230,296
1482,230,334
1951,230,547
1998,230,563
2177,230,598
2219,230,601
2245,230,605
2367,230,677
2717,230,1029
2988,230,1287
3071,230,1475
3153,230,1617
3155,230,1618
3356,230,2012
3359,230,2013
3531,230,2488
3533,230,2489
3534,230,2490
3563,230,2565
10805,230,2687
3606,230,2700
3619,230,2735
3680,230,3033
3681,230,3034
13616,230,3666
13116,230,3686
3900,230,3692
3938,230,3733
4014,230,3734
14119,230,4086
4355,230,4219
4430,230,4417
4431,230,4419
4432,230,4424
13876,230,5813
10804,230,6563
5157,230,6598
5282,230,7115
5287,230,7143
5290,230,7160
5488,230,8251
5525,230,8443
5526,230,8444
5527,230,8445
5528,230,8446
11992,230,15060
13117,230,16185
14790,230,17858
14791,230,17859
5736,232,598
2372,232,682
2377,232,683
5735,232,8801
540,236,122
629,236,141
1408,236,321
1828,236,496
1888,236,522
5742,236,641
2327,236,643
3939,236,3733
12784,236,15852
13,237,3
541,237,122
10609,237,141
771,237,171
1344,237,288
1409,237,321
1739,237,465
15444,237,496
1889,237,522
5744,237,641
2498,237,788
2664,237,984
10608,237,3734
848,241,176
2001,241,563
2382,241,694
2389,241,705
2398,241,706
2406,241,712
2536,241,822
3149,241,1610
3940,241,3733
4183,241,3918
4186,241,3919
4194,241,3930
4195,241,3931
5755,241,8821
5766,241,8822
5756,241,8824
1638,242,402
2407,242,713
2412,242,715
5757,242,8821
5758,242,8822
1639,243,402
2408,243,713
2413,243,715
5759,243,8821
5760,243,8822
451,244,98
849,244,176
2383,244,694
2390,244,705
2399,244,706
2414,244,721
2537,244,822
2796,244,1087
3496,244,2327
3843,244,3501
3856,244,3511
3859,244,3512
3941,244,3733
4181,244,3916
4182,244,3917
4184,244,3918
4187,244,3919
11530,244,6813
2392,246,705
2401,246,706
2415,246,727
5763,246,8821
5764,246,8822
2393,247,705
2402,247,706
2416,247,727
5761,247,8821
5762,247,8822
107,250,13
1762,250,479
2429,250,738
2431,250,741
5778,250,8846
277,257,43
543,257,122
11145,257,141
970,257,198
1017,257,204
1412,257,321
1763,257,479
1891,257,522
10668,257,601
2447,257,762
2621,257,934
2665,257,984
2718,257,1029
3191,257,1681
3231,257,1785
3879,257,3614
10669,257,3734
4100,257,3763
4729,257,5285
4770,257,5458
4771,257,5460
5372,257,7570
5507,257,8328
5520,257,8426
11144,257,8503
208,258,23
1018,258,204
2449,258,764
4617,258,4913
2452,259,766
2453,259,767
1019,262,204
2456,262,772
739,263,169
788,263,172
1142,263,216
1875,263,519
2439,263,748
2477,263,775
2478,263,778
3389,263,2128
3399,263,2129
5810,263,8446
5817,266,141
850,266,176
1020,266,204
12487,266,216
1640,266,402
1830,266,496
2003,266,563
2041,266,564
12509,266,601
11374,266,643
2499,266,788
2506,266,790
3227,266,1778
3229,266,1781
12486,266,2360
5816,266,3948
367,268,81
397,268,95
512,268,115
13464,268,332
1145,273,216
1873,273,518
10476,280,141
702,280,167
805,280,174
1952,280,547
2151,280,589
10477,280,599
2300,280,631
2543,280,828
2546,280,831
2602,280,908
16658,280,1159
10475,280,3734
10553,280,3764
10552,280,4559
16660,280,15743
13473,280,16541
544,282,122
1270,282,246
1831,282,496
1892,282,522
10482,284,141
1149,284,216
2500,284,788
2550,284,843
2552,284,846
2554,284,847
2556,284,848
2558,284,849
10483,284,3734
10527,294,8
971,294,198
2304,294,633
2582,294,885
2583,294,886
2586,294,888
10533,294,2926
10531,294,3733
10530,294,4238
10529,294,4333
10528,294,13596
10536,296,141
935,296,186
2273,296,613
2587,296,890
10534,296,3734
10535,296,6646
1023,301,204
2591,301,898
2599,301,902
10548,301,3734
10549,301,13617
10550,301,13618
2551,303,843
2603,303,910
2606,303,911
2608,303,912
10557,303,3734
10556,303,13624
46,309,8
326,309,68
2627,309,941
10577,309,3734
327,310,68
2102,310,578
2628,310,941
10580,310,3734
329,317,68
2642,317,964
2647,317,965
2651,317,966
10601,317,13669
452,321,98
1150,321,216
2657,321,975
2853,321,1103
2866,321,1104
4772,321,5467
15675,321,18191
151,323,14
209,323,23
330,323,68
10613,323,141
10612,323,465
2669,323,988
2673,323,990
2675,323,991
47,324,8
210,324,23
398,324,95
15490,324,139
13102,324,141
13098,324,204
1214,324,222
1345,324,288
16133,324,332
1642,324,402
1717,324,457
1764,324,479
2004,324,563
16134,324,564
15488,324,578
2275,324,613
2676,324,992
2677,324,995
3420,324,2163
13101,324,3733
12375,324,3948
4687,324,5145
4688,324,5148
5018,324,6160
5118,324,6470
5119,324,6472
15489,324,15454
211,325,23
399,325,95
1024,325,204
1215,325,222
1462,325,332
1554,325,349
1643,325,402
1684,325,430
1718,325,457
16137,325,564
2679,325,996
15309,325,1840
3421,325,2163
5019,325,6160
5120,325,6472
5121,325,6477
5122,325,6483
10619,325,8430
15307,325,18375
2690,328,1009
2691,328,1010
2692,328,1011
2693,328,1012
10630,328,13698
10631,328,13699
703,329,167
2068,329,570
10632,329,578
2694,329,1015
10633,329,2101
1685,332,430
2699,332,1020
2702,332,1022
10639,332,8338
1686,333,430
2700,333,1020
2705,333,1025
10641,333,8338
296,334,65
2703,334,1022
2719,334,1029
10644,334,1036
297,335,65
2704,335,1022
2720,335,1029
10642,335,1036
15,336,3
298,336,65
545,336,122
1413,336,321
2742,336,1035
2743,336,1036
3040,336,1420
3041,336,1422
3042,336,1423
5429,336,7930
5430,336,7931
10920,336,13988
299,338,65
2721,338,1029
10649,338,1036
2749,338,1040
212,342,23
400,342,95
1104,342,211
1216,342,222
1463,342,332
1597,342,385
1728,342,458
1811,342,488
1866,342,513
2308,342,638
2756,342,1053
2759,342,1059
10655,342,1933
3762,342,3360
4078,342,3743
10656,342,4133
4405,342,4364
5159,342,6608
10653,342,13721
10654,342,13722
48,343,8
109,343,13
15167,343,66
331,343,68
546,343,122
631,343,141
10624,343,169
12286,343,204
1217,343,222
11796,343,255
1414,343,321
1765,343,479
2763,343,1060
2772,343,1061
2775,343,1064
2999,343,1358
3000,343,1361
3043,343,1423
3491,343,2308
3492,343,2309
3590,343,2676
3675,343,3000
3746,343,3323
3747,343,3324
4015,343,3734
12530,343,4162
4436,343,4445
4438,343,4446
4439,343,4447
4694,343,5167
5493,343,8271
5494,343,8276
12531,343,8894
13016,343,13836
10864,343,13932
10899,343,13967
11958,343,15026
1151,344,216
1254,344,240
1931,344,546
2220,344,601
2418,344,735
2427,344,737
2918,344,1187
10714,344,2674
12829,344,2938
12828,344,3064
10715,344,13779
1272,346,249
2777,346,1068
2780,346,1069
2782,346,1074
2783,346,1075
10660,346,5829
10661,346,13729
453,350,98
851,350,176
1832,350,496
2403,350,706
2797,350,1087
2811,350,1088
2831,350,1089
15301,350,1267
3150,350,1610
3497,350,2327
3844,350,3501
13149,350,3584
4101,350,3763
4678,350,5064
13148,350,7527
5549,350,8518
5554,350,8520
13150,350,16218
2798,351,1087
2812,351,1088
2832,351,1089
454,352,98
852,352,176
2005,352,563
2394,352,705
2404,352,706
2799,352,1087
2813,352,1088
2833,352,1089
2850,352,1094
15299,352,1267
3815,352,3439
3822,352,3441
12377,352,3443
3845,352,3501
3855,352,3504
455,353,98
853,353,176
2800,353,1087
2814,353,1088
2834,353,1089
2851,353,1094
3816,353,3439
3825,353,3443
3826,353,3444
2815,354,1088
2835,354,1089
2854,354,1103
2867,354,1104
749,361,170
807,361,174
854,361,176
2221,361,601
2819,361,1088
2842,361,1089
2892,361,1117
15753,361,2274
3600,361,2687
15752,361,3237
4016,361,3734
4798,361,5538
15754,361,18822
750,362,170
808,362,174
1857,362,511
2103,362,578
2515,362,803
2843,362,1089
2893,362,1117
15757,362,1508
15756,362,2274
15755,362,3237
12384,362,3441
4190,362,3923
4212,362,3979
4799,362,5538
10699,371,141
704,371,167
973,371,198
1025,371,204
1616,371,397
2006,371,563
2042,371,564
10708,371,601
2501,371,788
2544,371,828
2909,371,1159
2911,371,1161
2912,371,1162
2913,371,1174
3623,371,2740
10698,371,3734
10700,371,13768
1152,375,216
1932,375,546
10716,375,737
2914,375,1180
2915,375,1181
10718,375,13779
10717,375,13785
10741,385,182
2345,385,649
2924,385,1194
2939,385,1216
10742,385,4054
1328,388,285
1833,388,496
2952,388,1222
2956,388,1223
2961,388,1231
1329,389,285
1834,389,496
2953,389,1222
2957,389,1223
2962,389,1231
458,400,98
632,400,141
856,400,176
10793,400,643
2845,400,1089
2870,400,1104
15295,400,1267
3848,400,3501
3860,400,3512
10794,400,3734
4102,400,3763
16426,400,3919
10792,400,6563
5224,400,6820
5360,400,7500
942,417,187
945,417,188
10928,417,296
2010,417,563
10929,417,601
2686,417,1005
10848,417,1143
402,438,95
1645,438,402
1955,438,547
1982,438,561
2011,438,563
2886,438,1114
2931,438,1199
2935,438,1202
3031,438,1402
10901,438,3734
10902,438,13967
1517,441,340
3036,441,1411
3037,441,1413
1276,442,250
1518,442,340
3039,442,1415
10923,445,3
547,445,122
12460,445,321
12461,445,958
3045,445,1425
548,446,122
1801,446,487
10925,446,578
3046,446,1428
10924,446,13992
11400,462,141
12135,462,174
975,462,198
12137,462,204
1154,462,216
12263,462,291
1500,462,339
2012,462,563
2045,462,564
2153,462,589
2248,462,605
12136,462,1158
3074,462,1475
10967,462,1640
3384,462,2119
3385,462,2120
3386,462,2124
3388,462,2125
12264,462,3306
11398,462,3734
11399,462,3790
2180,466,598
3075,466,1486
10975,466,14043
708,468,167
811,468,174
900,468,180
1766,468,479
2013,468,563
10981,468,667
3080,468,1494
709,469,167
2133,469,580
2181,469,598
1483,470,334
1767,470,479
3082,470,1502
10625,473,169
1155,473,216
1287,473,253
15519,473,511
11076,473,519
3083,473,1508
3084,473,1509
3400,473,2129
11077,473,4595
10626,473,13694
15520,473,18588
459,476,98
860,476,176
1156,476,216
2658,476,975
2856,476,1103
2872,476,1104
15289,476,1267
15290,476,3948
4773,476,5467
5153,476,6563
5156,476,6578
15677,476,18191
168,477,18
1867,477,513
3012,477,1387
3087,477,1519
3090,477,1520
3200,477,1694
3202,477,1697
10990,477,3734
10991,477,14059
13710,477,16778
169,478,18
1464,478,332
3013,478,1387
3092,478,1523
2139,479,583
2940,479,1216
3097,479,1526
3099,479,1527
3100,479,1530
10992,479,14060
10995,479,14063
10996,479,14064
11008,483,81
2104,483,578
3106,483,1545
49,485,8
573,485,133
710,485,167
812,485,174
1256,485,240
11011,485,296
2249,485,605
14799,485,667
2752,485,1049
2944,485,1218
3081,485,1494
3107,485,1551
3311,485,1955
14801,485,3733
14800,485,3764
4222,485,3984
5365,485,7550
5366,485,7553
11012,485,14080
11036,495,601
3136,495,1589
3142,495,1590
3144,495,1591
11037,495,3734
862,497,176
11043,497,677
2385,497,694
2873,497,1104
460,498,98
635,498,141
863,498,176
11046,498,677
2386,498,694
2659,498,975
2874,498,1104
4103,498,3763
5225,498,6820
5361,498,7500
461,502,98
865,502,176
2225,502,601
2387,502,694
2538,502,822
2802,502,1087
2822,502,1088
3151,502,1610
3818,502,3439
3823,502,3441
3849,502,3501
3857,502,3511
3862,502,3517
12380,502,3713
3946,502,3733
4022,502,3734
4185,502,3918
4188,502,3919
4191,502,3923
4193,502,3924
5228,502,6836
1519,508,340
3162,508,1627
3168,508,1629
11062,508,6813
11061,508,14129
16473,510,141
814,510,174
901,510,180
1646,510,402
2503,510,788
2545,510,828
3173,510,1636
3174,510,1637
16476,510,3033
16474,510,3733
5375,510,7587
5376,510,7588
16475,510,15643
16472,510,19540
11069,511,578
2695,511,1015
3177,511,1640
1484,513,334
2725,513,1029
1485,514,334
11071,514,578
2726,514,1029
740,517,169
1158,517,216
1877,517,519
1029,519,204
1599,519,385
1858,519,511
3187,519,1659
11081,519,14149
2014,520,563
2081,520,574
3188,520,1662
213,521,23
2082,521,574
3189,521,1662
50,525,8
1301,525,255
1802,525,487
11091,525,13694
51,526,8
16605,526,122
11434,526,141
1416,526,321
1893,526,522
2622,526,934
3192,526,1681
11433,526,3734
5373,526,7570
16607,526,19675
1030,527,204
1894,527,522
15670,527,762
3193,527,1681
15671,527,18739
170,531,18
3088,531,1519
3091,531,1520
3201,531,1694
3203,531,1700
3288,531,1881
11208,531,14276
111,532,13
171,532,18
11102,532,583
3204,532,1701
3205,532,1704
172,533,18
3163,533,1627
3206,533,1705
403,537,95
11114,537,141
1031,537,204
1689,537,430
1740,537,465
2077,537,573
2504,537,788
3210,537,1722
3266,537,1843
3441,537,2188
11113,537,3734
15557,537,4700
4759,537,5366
11115,537,14183
173,541,18
2226,541,601
3014,541,1387
3026,541,1395
3093,541,1523
3212,541,1737
4292,541,4111
1620,543,399
11126,543,780
3057,543,1439
3213,543,1742
3217,543,1744
3221,543,1745
11128,543,14196
1768,560,479
3238,560,1809
3240,560,1810
3241,560,1811
11160,560,1873
11159,560,14227
3242,561,1812
3244,561,1813
3248,561,1814
3249,561,1815
3243,562,1812
3250,562,1817
11178,568,204
1769,568,479
2015,568,563
3254,568,1835
3255,568,1838
3256,568,1839
11180,568,8129
776,572,171
1159,572,216
1934,572,546
1956,572,547
12553,572,601
2485,572,780
3277,572,1854
3278,572,1855
3880,572,3614
4023,572,3734
4080,572,3743
12555,572,14947
12556,572,15624
405,573,95
1100,573,208
2140,573,583
3279,573,1860
174,578,18
1465,578,332
1533,578,345
12693,578,601
11206,578,1387
3286,578,1877
3287,578,1878
12694,578,4086
2276,584,613
2578,584,868
3291,584,1898
3292,584,1899
3297,594,1932
3301,594,1933
3305,594,1934
3298,595,1932
3302,595,1933
3306,595,1934
2163,604,595
3214,604,1742
3315,604,1967
711,611,167
960,611,194
1032,611,204
11313,611,253
2016,611,563
2183,611,598
2228,611,601
3601,611,2687
3892,611,3666
4419,611,4396
5529,611,8455
11316,612,253
2354,612,663
3320,612,1989
3335,612,1990
3338,612,1991
3537,612,2496
16088,612,2497
5009,612,6142
5010,612,6146
5011,612,6147
11315,612,14383
11361,629,141
867,629,176
11362,629,601
3137,629,1589
3365,629,2049
11360,629,3734
868,632,176
2660,632,975
2875,632,1104
869,635,176
2509,635,790
2876,635,1104
15292,635,1267
15293,635,3948
2486,639,780
3358,639,2012
3369,639,2076
1033,641,204
3370,641,2083
3027,643,1395
3371,643,2088
3373,643,2089
52,649,8
11390,649,141
1417,649,321
1895,649,522
11389,649,3734
112,650,13
1034,650,204
1418,650,321
1896,650,522
11392,650,965
11394,650,14462
790,659,172
11405,659,186
1161,659,216
2516,659,803
11406,659,14474
214,666,23
332,666,68
11415,666,141
3413,666,2162
3422,666,2163
11414,666,14482
53,670,8
334,670,68
936,670,186
2630,670,950
2764,670,1060
3047,670,1428
3432,670,2173
3947,670,3733
4025,670,3734
5089,670,6342
5101,670,6345
113,671,13
176,671,18
216,671,23
1657,671,403
2078,671,573
11417,671,1261
3185,671,1649
3433,671,2174
3436,671,2175
3437,671,2178
3438,671,2182
2355,682,663
3321,682,1989
3336,682,1990
3538,682,2496
16090,682,6072
5012,682,6147
5014,682,6149
5015,682,6153
16091,682,16257
3323,684,1989
11450,684,1990
3444,684,2218
1162,685,216
1936,685,546
2230,685,601
2420,685,735
2920,685,1187
11452,685,2869
3670,685,2938
11451,685,3734
12470,685,4087
11453,685,14521
11456,685,14524
11908,685,14976
12472,685,15540
961,688,194
1302,688,255
14191,688,601
3164,688,1627
3445,688,2229
3453,688,2230
3618,688,2730
12594,688,3733
11323,688,3734
11325,688,6315
5489,688,8251
11324,688,14389
12593,688,15661
3454,689,2231
3455,689,2232
3456,689,2233
3457,689,2234
11457,689,3733
11459,689,6236
11458,689,14526
1035,695,204
3459,695,2245
3461,695,2247
11466,695,14534
11467,695,14535
11468,695,14536
1163,696,216
1937,696,546
2421,696,735
54,699,8
636,699,141
917,699,181
1036,699,204
1466,699,332
2297,699,624
11479,699,3734
11481,699,13744
114,701,13
13056,701,141
714,701,167
885,701,179
902,701,180
1037,701,204
1690,701,430
1771,701,479
12350,701,595
2250,701,605
12348,701,780
3471,701,2261
16669,701,3222
3783,701,3397
3787,701,3403
3788,701,3404
3909,701,3716
11484,701,3734
4847,701,5681
5217,701,6813
5400,701,7778
5401,701,7779
5402,701,7780
5485,701,8238
5486,701,8245
11485,701,14553
11486,701,14554
13054,701,16122
13988,701,17056
752,704,170
1164,704,216
16621,704,240
15402,704,528
11499,704,788
15403,704,803
2531,704,818
3477,704,2276
5390,704,7725
5391,704,7726
5392,704,7727
16622,704,13694
11500,704,14568
16619,704,19687
2549,709,842
3489,709,2291
1038,715,204
2765,715,1060
11516,715,1423
3490,715,2305
1836,721,496
2331,721,643
11525,721,694
2804,721,1087
11526,721,6813
777,726,171
1165,726,216
1503,726,339
2908,726,1158
3523,726,2471
3525,726,2474
778,729,171
1262,729,244
1504,729,339
2185,729,598
15619,729,601
2824,729,1088
3632,729,2775
5174,729,6640
13443,740,598
3120,740,1572
3346,740,2002
3508,740,2378
3571,740,2592
11550,740,2593
3585,740,2624
14099,740,13785
11287,740,14355
15185,741,340
13439,741,578
3121,741,1572
3347,741,2002
3509,741,2378
3568,741,2569
3572,741,2592
3577,741,2593
14102,741,4323
15183,741,5149
14026,741,5825
12100,741,15168
12434,741,15493
3122,742,1572
3348,742,2002
3510,742,2378
3573,742,2592
11554,742,2593
3586,742,2624
3123,743,1572
3349,743,2002
3511,743,2378
3574,743,2592
11556,743,2593
2231,744,601
3124,744,1572
3350,744,2002
3512,744,2378
11558,744,2593
2186,748,598
14679,748,1202
3407,748,2153
2187,749,598
3408,749,2153
2457,755,772
3466,755,2255
3514,755,2411
11572,755,3733
11573,755,14641
2458,756,772
3467,756,2255
3515,756,2411
11576,756,3733
11577,756,14641
3539,784,2496
3543,784,2497
11643,784,14711
3324,792,1989
3554,792,2514
3555,792,2515
1039,797,204
1109,797,213
1966,797,549
3015,797,1387
3558,797,2532
11662,797,3179
11663,797,13961
11661,797,14729
2232,802,601
3138,802,1589
3560,802,2547
115,812,13
152,812,14
217,812,23
11699,812,141
1803,812,487
11698,812,3734
2017,814,563
2395,814,705
1167,815,216
1509,815,339
2018,815,563
2396,815,705
3778,815,3391
4134,815,3795
4140,815,3799
4141,815,3800
14452,819,296
2233,819,601
3351,819,2002
14158,819,2042
3575,819,2592
3578,819,2593
14128,819,6072
14157,819,17225
14349,819,17417
3325,820,1989
3544,820,2497
3579,820,2595
2360,821,667
3326,821,1989
3545,821,2497
10949,821,2592
3580,821,2598
3328,823,1989
3547,823,2497
10947,823,2592
3583,823,2604
581,836,137
870,836,176
2314,836,641
1452,838,330
1617,838,397
11733,838,595
11732,838,780
2528,838,815
3186,838,1649
11734,838,14802
3352,847,2002
14167,847,2593
3589,847,2674
14166,847,15168
3343,849,1999
3592,849,2676
3595,852,2683
3596,852,2684
218,863,23
582,863,137
1556,863,349
1691,863,430
116,864,13
583,864,137
1557,864,349
1814,864,489
1692,865,430
3614,865,2718
11771,865,14839
219,866,23
406,866,95
1693,866,430
3615,866,2720
2105,868,578
3616,868,2720
11784,871,141
11782,871,1159
3611,871,2702
3620,871,2735
3621,871,2737
11785,871,3584
2164,873,595
2488,873,780
3624,873,2743
10701,873,13769
10702,873,13770
637,874,141
3329,874,1989
3627,874,2746
1168,875,216
1938,875,546
2921,875,1187
1040,879,204
1169,879,216
1331,879,285
1837,879,496
1925,879,538
15820,879,595
2333,879,643
11801,879,1223
15819,879,2119
741,884,169
1170,884,216
2517,884,803
1171,887,216
2234,887,601
2422,887,735
2369,894,677
2936,894,1202
55,899,8
716,899,167
16342,899,186
1372,899,291
2188,899,598
2235,899,601
2727,899,1029
3804,899,3424
3805,899,3425
12364,899,3433
3866,899,3545
4253,899,4026
5293,899,7186
12365,899,15433
1774,913,479
3634,913,2860
3640,913,2862
3647,913,2863
11862,913,3179
11863,913,14931
1172,917,216
1939,917,546
2423,917,735
14295,931,1202
2976,931,1265
3409,931,2153
3659,931,2912
368,959,81
373,959,85
407,959,95
926,959,182
11954,959,15022
11955,959,15023
11956,959,15024
11980,968,141
717,968,167
886,968,179
1303,968,255
1488,968,334
2019,968,563
2189,968,598
2251,968,605
15609,968,677
2728,968,1029
3179,968,1640
16345,968,2488
3948,968,3733
4026,968,3734
4357,968,4219
5289,968,7143
5291,968,7164
11981,968,15049
1173,981,216
3684,981,3055
12026,981,15094
12027,981,15095
606,1005,140
3215,1005,1742
3693,1005,3127
2926,1012,1194
3696,1012,3144
3698,1012,3145
927,1013,182
3697,1013,3144
3700,1013,3148
12110,1013,15178
12115,1015,649
2927,1015,1194
3701,1015,3148
3702,1015,3154
3703,1015,3155
12114,1015,4054
12164,1030,168
3714,1030,3179
3721,1030,3207
3722,1030,3209
3723,1030,3210
12163,1030,15231
1174,1038,216
1878,1038,519
2442,1038,748
3727,1038,3237
1175,1049,216
1511,1049,339
12224,1049,546
12236,1049,2474
12225,1049,15031
2489,1054,780
3737,1054,3278
3656,1063,2891
3741,1063,3306
3742,1063,3307
12269,1063,15337
12270,1063,15338
12281,1066,511
2674,1066,990
2760,1066,1059
3744,1066,3318
3745,1066,3321
12282,1066,4697
221,1070,23
463,1070,98
1177,1070,216
1419,1070,321
1600,1070,385
1839,1070,496
1897,1070,522
15270,1070,1151
3752,1070,3338
3754,1070,3339
3755,1070,3340
408,1071,95
3756,1071,3341
3757,1071,3343
3758,1071,3344
906,1082,180
2160,1082,594
2375,1082,682
3784,1082,3397
3786,1082,3401
12347,1082,8646
12344,1082,15412
12345,1082,15413
12346,1082,15414
464,1084,98
12354,1084,694
3791,1084,3408
3794,1084,3409
3797,1084,3410
12353,1084,6563
465,1085,98
12357,1085,694
3792,1085,3408
3795,1085,3409
3798,1085,3410
12356,1085,6563
466,1086,98
12360,1086,694
3793,1086,3408
3796,1086,3409
3799,1086,3410
3801,1086,3418
12359,1086,6563
409,1092,95
599,1092,139
3268,1092,1843
3763,1092,3360
3814,1092,3437
4239,1092,3999
15486,1092,15454
12412,1104,168
887,1104,179
907,1104,180
2252,1104,605
12413,1104,920
3064,1104,1442
3829,1104,3478
12414,1105,578
2253,1105,605
3830,1105,3481
3832,1105,3482
3834,1105,3484
469,1115,98
2806,1115,1087
3561,1115,2547
3827,1115,3444
3850,1115,3501
3863,1115,3523
473,1123,98
2946,1123,1218
3854,1123,3501
946,1124,188
1278,1124,250
2687,1124,1005
3410,1124,2153
12425,1124,15493
950,1125,192
1279,1125,250
2688,1125,1005
3411,1125,2153
12428,1125,15493
976,1144,198
2305,1144,633
3883,1144,3625
3884,1144,3627
56,1175,8
12559,1175,168
3904,1175,3713
3907,1175,3715
3910,1175,3716
3912,1175,3717
3913,1175,3718
12558,1175,3999
57,1176,8
12562,1176,168
3905,1176,3713
3908,1176,3715
3911,1176,3716
3914,1176,3723
3915,1176,3724
3916,1176,3725
12561,1176,3999
977,1183,198
3635,1183,2860
4119,1183,3766
4120,1183,3767
4121,1183,3769
4122,1183,3771
4125,1183,3772
4127,1183,3773
1178,1189,216
3779,1189,3391
4135,1189,3795
4142,1189,3804
4143,1189,3805
4144,1189,3806
735,1190,168
1179,1190,216
4136,1190,3795
4145,1190,3810
638,1195,141
978,1195,198
2900,1195,1151
3641,1195,2862
3663,1195,2926
4158,1195,3847
4159,1195,3851
4160,1195,3852
4161,1195,3853
4162,1195,3854
4163,1195,3855
639,1196,141
1043,1196,204
16161,1196,296
1959,1196,547
13516,1196,583
16163,1196,601
2654,1196,972
3245,1196,1813
3949,1196,3733
4028,1196,3734
4164,1196,3860
4166,1196,3861
5136,1196,6536
5137,1196,6537
5140,1196,6540
5142,1196,6541
5143,1196,6542
5144,1196,6544
13518,1196,16553
16162,1196,19230
58,1200,8
118,1200,13
223,1200,23
249,1200,28
410,1200,95
584,1200,137
12623,1200,141
817,1200,174
1044,1200,204
1735,1200,464
1747,1200,473
2020,1200,563
2106,1200,578
2315,1200,641
3424,1200,2163
3468,1200,2255
15233,1200,3733
4029,1200,3734
4126,1200,3772
4169,1200,3879
4174,1200,3883
4178,1200,3884
4179,1200,3889
4180,1200,3890
15235,1200,13694
15351,1200,16457
15448,1200,16524
15449,1200,18166
15234,1200,18302
15353,1200,18421
2191,1210,598
2278,1210,613
3951,1210,3733
4199,1210,3944
4200,1210,3945
953,1211,193
2192,1211,598
3952,1211,3733
4031,1211,3734
4203,1211,3948
411,1213,95
818,1213,174
1263,1213,244
2279,1213,613
2336,1213,643
3130,1213,1586
3269,1213,1843
3319,1213,1985
3954,1213,3733
4033,1213,3734
12645,1213,3883
4206,1213,3967
4208,1213,3969
4209,1213,3970
12646,1213,6886
524,1214,117
2107,1214,578
2280,1214,613
3955,1214,3733
4034,1214,3734
4207,1214,3967
4210,1214,3970
119,1215,13
224,1215,23
908,1215,180
1093,1215,206
1316,1215,266
12650,1215,511
2519,1215,803
3831,1215,3481
4192,1215,3923
4213,1215,3979
4223,1215,3984
12651,1215,8649
720,1219,167
2729,1219,1029
2947,1219,1218
12666,1219,3734
873,1221,176
1306,1221,255
2108,1221,578
14768,1221,598
2523,1221,814
2730,1221,1029
12668,1221,3734
4245,1221,4017
5564,1221,8550
14769,1221,17837
640,1231,141
742,1231,169
755,1231,170
1180,1231,216
1307,1231,255
3401,1231,2129
3835,1231,3484
3956,1231,3733
4035,1231,3734
4262,1231,4050
4263,1231,4051
4264,1231,4054
4265,1231,4058
19,1233,5
1045,1233,204
2584,1233,886
2619,1233,921
3648,1233,2863
3664,1233,2926
3957,1233,3733
4036,1233,3734
4269,1233,4070
4270,1233,4071
4271,1233,4072
4272,1233,4073
4273,1233,4079
12681,1233,15749
1775,1242,479
1816,1242,494
4081,1242,3743
4318,1242,4145
4319,1242,4147
4320,1242,4148
4321,1242,4149
4322,1242,4150
4323,1242,4153
336,1260,68
2111,1260,578
3958,1260,3733
4038,1260,3734
4365,1260,4264
4374,1260,4286
121,1262,13
225,1262,23
338,1262,68
1346,1262,288
1522,1262,340
1748,1262,473
4376,1262,4293
4382,1262,4298
4385,1262,4300
339,1263,68
1347,1263,288
1558,1263,349
2113,1263,578
4386,1263,4300
549,1269,122
641,1269,141
1421,1269,321
1841,1269,496
1898,1269,522
2337,1269,643
3960,1269,3733
122,1272,13
412,1272,95
585,1272,137
1868,1272,513
4082,1272,3743
4411,1272,4373
4412,1272,4377
59,1276,8
642,1276,141
820,1276,174
2048,1276,564
2970,1276,1261
3961,1276,3733
4040,1276,3734
4423,1276,4400
4424,1276,4401
4425,1276,4402
4426,1276,4404
4427,1276,4411
4428,1276,4412
4429,1276,4413
1422,1279,321
1899,1279,522
2194,1279,598
4434,1279,4437
279,1280,43
781,1280,171
2195,1280,598
4261,1280,4042
4435,1280,4441
643,1290,141
14857,1290,169
756,1290,170
1181,1290,216
14824,1290,291
1381,1290,296
1860,1290,511
15713,1290,803
2948,1290,1218
16761,1290,3237
3962,1290,3733
4041,1290,3734
4242,1290,4006
4443,1290,4497
4477,1290,4593
4478,1290,4594
4479,1290,4595
4480,1290,4601
4481,1290,4602
4483,1290,4603
4484,1290,4604
4485,1290,4605
1182,1292,216
1879,1292,519
13467,1292,824
14831,1292,1087
3152,1292,1610
3836,1292,3484
4243,1292,4006
4444,1292,4510
14844,1296,168
757,1296,170
821,1296,174
1257,1296,240
1960,1296,547
14842,1296,605
3058,1296,1439
14845,1296,1442
3642,1296,2862
4453,1296,4530
60,1304,8
525,1304,117
644,1304,141
822,1304,174
14912,1304,198
1258,1304,240
1490,1304,334
2639,1304,960
13514,1304,3222
3785,1304,3397
3963,1304,3733
4042,1304,3734
4470,1304,4572
4472,1304,4577
4473,1304,4581
4545,1304,4726
4546,1304,4727
4547,1304,4732
4548,1304,4733
369,1308,81
413,1308,95
513,1308,115
13752,1308,121
15513,1308,246
14859,1308,321
16252,1308,744
16251,1308,3734
4488,1308,4607
4495,1308,4617
15515,1308,8470
16250,1308,15852
14860,1308,16826
14861,1308,17929
1046,1316,204
1601,1316,385
1776,1316,479
2459,1316,772
4387,1316,4300
4502,1316,4655
4506,1316,4656
4515,1316,4657
4794,1316,5529
4941,1316,5902
4503,1317,4655
4507,1317,4656
4516,1317,4657
4522,1317,4662
14892,1317,5529
14893,1317,17961
14881,1318,3584
4504,1318,4655
4508,1318,4656
4517,1318,4657
4523,1318,4666
4524,1318,4667
14880,1318,5529
2697,1319,1015
4505,1319,4655
4509,1319,4656
4518,1319,4657
14883,1319,5529
14884,1319,17952
4510,1320,4656
4519,1320,4657
4525,1320,4672
4527,1320,4675
14887,1320,13612
14886,1320,17954
1047,1321,204
1602,1321,385
1694,1321,430
1812,1321,488
15770,1321,772
3442,1321,2188
4511,1321,4656
4520,1321,4657
4528,1321,4676
14889,1321,17957
823,1324,174
1842,1324,496
2959,1324,1223
4224,1324,3984
4534,1324,4701
4537,1324,4702
4538,1324,4705
4539,1324,4708
20,1325,5
824,1325,174
980,1325,198
1843,1325,496
4225,1325,3984
4535,1325,4701
4540,1325,4710
4542,1325,4715
825,1326,174
981,1326,198
2960,1326,1223
4226,1326,3984
4536,1326,4701
4541,1326,4710
4544,1326,4723
153,1328,14
2460,1328,772
3462,1328,2247
4521,1328,4657
4550,1328,4734
4554,1328,4736
4557,1328,4740
2115,1330,578
2461,1330,772
4551,1330,4734
4555,1330,4736
4560,1330,4750
4562,1330,4752
14920,1330,17988
2116,1331,578
2462,1331,772
4552,1331,4734
4556,1331,4736
4561,1331,4750
4564,1331,4757
4565,1331,4758
154,1332,14
14933,1332,204
1423,1332,321
1777,1332,479
1844,1332,496
1900,1332,522
2338,1332,643
4566,1332,4765
4567,1332,4766
4570,1332,4767
14934,1332,18002
123,1334,13
301,1334,65
550,1334,122
982,1334,198
14940,1334,204
1221,1334,222
1424,1334,321
14938,1334,496
2117,1334,578
2196,1334,598
14939,1334,643
2637,1334,958
3044,1334,1423
13037,1334,3733
4572,1334,4770
4575,1334,4771
4680,1334,5087
4681,1334,5088
5247,1334,6948
16272,1334,7782
5517,1334,8397
13038,1334,16097
13036,1334,16100
13035,1334,16103
16271,1334,19339
792,1337,172
1183,1337,216
3394,1337,2128
4580,1337,4789
61,1338,8
14953,1338,141
721,1338,167
909,1338,180
14951,1338,198
15611,1338,601
2282,1338,613
2666,1338,984
62,1340,8
14961,1340,285
1425,1340,321
1695,1340,430
4610,1340,4887
4613,1340,4891
4614,1340,4893
14962,1340,18030
15047,1340,18115
15477,1340,18545
15478,1340,18546
2197,1341,598
3113,1341,1558
14963,1341,18031
14964,1341,18032
1512,1342,339
14968,1342,589
14969,1342,631
3059,1342,1439
4454,1342,4530
4581,1342,4804
155,1343,14
226,1343,23
247,1343,24
340,1343,68
1048,1343,204
1648,1343,402
1749,1343,473
14976,1343,564
16720,1343,788
14972,1344,8
227,1344,23
341,1344,68
1049,1344,204
4582,1344,4811
4583,1344,4814
1696,1345,430
2667,1345,984
2670,1345,988
4584,1345,4815
14979,1345,18047
14980,1345,18048
14981,1345,18049
2632,1347,950
4586,1347,4821
14983,1347,18046
14982,1347,18050
14985,1348,598
4587,1348,4821
4588,1348,4824
14984,1348,18050
4589,1349,4825
4591,1349,4826
14987,1349,18046
14986,1349,18050
4590,1350,4825
4592,1350,4828
14988,1350,18050
14989,1350,18057
515,1353,115
1567,1353,350
3232,1353,1785
15016,1359,95
954,1359,193
15014,1359,204
12641,1359,598
15015,1359,643
15017,1359,1151
3157,1359,1618
4597,1359,4858
12642,1359,15710
63,1360,8
280,1360,43
1427,1360,321
15022,1360,522
15024,1360,4715
281,1361,43
4543,1361,4715
4598,1361,4864
4599,1361,4865
15025,1362,230
15027,1362,240
1491,1362,334
2529,1362,815
4227,1362,3984
4600,1362,4866
124,1364,13
228,1364,23
15034,1364,117
15033,1364,204
2021,1364,563
4603,1364,4874
4605,1364,4877
125,1365,13
15036,1365,204
4604,1365,4874
4606,1365,4877
4607,1365,4881
4608,1365,4883
15038,1365,16457
8,1367,1
15042,1367,285
1778,1367,479
15043,1367,578
4611,1367,4887
15044,1367,18112
1050,1375,204
2463,1375,772
3463,1375,2247
4618,1375,4921
15074,1375,18142
156,1376,14
1051,1376,204
15078,1376,2247
4619,1376,4921
15077,1376,18142
15083,1377,204
4620,1377,4921
4623,1377,4926
15085,1377,5780
15084,1377,18142
15088,1378,204
4621,1378,4921
4624,1378,4928
15086,1378,8702
15087,1378,18142
64,1379,8
15093,1379,81
414,1379,95
4625,1379,4929
4628,1379,4932
415,1382,95
586,1382,137
1750,1382,473
2083,1382,574
15099,1382,16020
15098,1382,18166
837,1383,175
4631,1383,4944
4632,1383,4945
15102,1383,16020
15101,1383,18166
15100,1383,18168
126,1384,13
1052,1384,204
1751,1384,473
4633,1384,4946
15105,1384,18173
127,1385,13
1053,1385,204
1752,1385,473
4634,1385,4946
15108,1385,18173
178,1387,18
645,1387,141
1467,1387,332
15493,1387,563
3094,1387,1523
15120,1387,2101
16680,1387,3584
15119,1387,3763
4635,1387,4958
4636,1387,4959
4637,1387,4961
4734,1387,5309
4735,1387,5310
5408,1387,7794
551,1388,122
782,1388,171
1184,1388,216
2155,1388,589
15123,1388,18191
1245,1390,233
2022,1390,563
2306,1390,633
15133,1390,788
4643,1390,4974
4644,1390,4975
4645,1390,4978
15132,1390,16457
15131,1390,17837
15134,1390,18202
15137,1391,110
1428,1391,321
3516,1391,2411
4377,1391,4293
4647,1391,4981
4650,1391,4984
15136,1391,18204
1429,1392,321
3517,1392,2411
4378,1392,4293
4648,1392,4981
4651,1392,4989
4653,1392,4990
15139,1392,18207
15143,1393,110
1430,1393,321
3518,1393,2411
4379,1393,4293
4649,1393,4981
4652,1393,4989
4654,1393,4990
15142,1393,18210
128,1400,13
15191,1400,140
15192,1400,563
15193,1400,583
3344,1400,1999
3481,1400,2281
4665,1400,5022
4666,1400,5023
4667,1400,5024
4668,1400,5025
2142,1401,583
15195,1401,662
4669,1401,5027
4670,1401,5029
15196,1401,5952
416,1408,95
552,1408,122
15225,1408,204
3372,1408,2088
3425,1408,2163
4677,1408,5056
15222,1408,5678
129,1412,13
417,1412,95
587,1412,137
3764,1412,3360
3889,1412,3656
229,1416,23
418,1416,95
1054,1416,204
1559,1416,349
1729,1416,458
15253,1416,18321
230,1420,23
420,1420,95
1055,1420,204
2024,1420,563
2049,1420,564
2648,1420,965
3460,1420,2245
15273,1420,16457
2084,1430,574
15316,1430,601
3246,1430,1813
4689,1430,5149
4691,1430,5152
15314,1430,18382
15315,1430,18383
179,1432,18
1523,1432,340
2061,1432,567
4693,1432,5159
588,1438,137
2119,1438,578
3765,1438,3360
15338,1438,18406
180,1444,18
188,1444,21
2567,1444,853
3165,1444,1627
4701,1444,5205
15360,1444,16749
15361,1444,18429
181,1445,18
15363,1445,204
3166,1445,1627
4702,1445,5208
15364,1445,18429
15366,1446,204
1719,1446,457
2050,1446,564
15367,1446,601
4703,1446,5210
231,1449,23
421,1449,95
1056,1449,204
1649,1449,402
2025,1449,563
3767,1449,3360
4175,1449,3883
15415,1449,4300
130,1450,13
232,1450,23
422,1450,95
3414,1450,2162
4704,1450,5225
4709,1450,5226
15421,1450,5979
233,1451,23
3415,1451,2162
15425,1451,4264
15424,1451,5225
4710,1451,5226
4715,1451,5231
4716,1451,5233
15426,1451,18494
15429,1452,204
1222,1452,222
3416,1452,2162
4705,1452,5225
4711,1452,5226
15428,1452,5979
131,1453,13
15432,1453,2163
15430,1453,5225
4712,1453,5226
4717,1453,5240
4719,1453,5243
4720,1453,5244
15431,1453,18499
15433,1453,18501
15434,1454,5225
4713,1454,5226
4718,1454,5240
4721,1454,5247
4723,1454,5248
15435,1454,18499
15436,1454,18504
1223,1455,222
15437,1455,5225
4714,1455,5226
4722,1455,5247
4724,1455,5249
15438,1455,18499
15439,1455,18507
234,1456,23
423,1456,95
589,1456,137
4725,1456,5256
4726,1456,5257
4727,1456,5258
15441,1456,18166
15442,1456,18510
235,1460,23
424,1460,95
15458,1460,204
1469,1460,332
1603,1460,385
2026,1460,563
2649,1460,965
15455,1460,1722
3270,1460,1843
3417,1460,2162
590,1463,137
1348,1463,288
2199,1463,598
2735,1463,1029
3964,1463,3733
4728,1463,5284
5335,1463,7423
5344,1463,7425
5350,1463,7434
15465,1464,8
132,1464,13
1057,1464,204
15464,1464,430
15466,1464,3733
4730,1464,5285
2120,1465,578
15469,1465,3733
4731,1465,5285
1780,1467,479
15474,1467,578
4732,1467,5293
15475,1467,18543
2200,1470,598
4733,1470,5300
15482,1470,18550
15484,1470,18552
984,1473,198
15496,1473,204
1650,1473,402
2027,1473,563
4690,1473,5149
4736,1473,5315
1622,1480,400
1624,1480,401
15522,1480,564
15524,1480,1070
4646,1480,4978
4743,1480,5339
302,1481,65
4744,1481,5342
15527,1481,5952
1186,1486,216
4757,1486,5359
4758,1486,5360
15551,1486,14099
826,1489,174
888,1489,179
2283,1489,613
2302,1489,631
1524,1492,340
2062,1492,567
4692,1492,5152
784,1509,171
2661,1509,975
2860,1509,1103
2882,1509,1104
15623,1509,5407
5005,1509,6115
15658,1519,14
192,1519,22
236,1519,23
342,1519,68
495,1519,110
1058,1519,204
1697,1519,430
1753,1519,473
15657,1519,487
133,1525,13
303,1525,65
15680,1525,204
2701,1525,1020
15682,1525,4086
15681,1525,5948
134,1526,13
304,1526,65
4774,1526,5475
157,1527,14
237,1527,23
305,1527,65
425,1527,95
15962,1527,141
15683,1527,204
1094,1527,206
1730,1527,458
2316,1527,641
3965,1527,3733
15685,1527,4086
4775,1527,5477
4947,1527,5940
4948,1527,5945
15684,1527,5948
282,1528,43
1845,1528,496
15687,1528,522
2339,1528,643
15688,1528,4086
1059,1529,204
15692,1529,465
15693,1529,578
2464,1529,772
1060,1530,204
15695,1530,578
2465,1530,772
15694,1530,18762
1061,1531,204
15697,1531,578
2466,1531,772
15696,1531,18762
1062,1532,204
15699,1532,578
2467,1532,772
15698,1532,18762
1063,1533,204
15701,1533,465
15702,1533,578
2468,1533,772
15700,1533,18768
2601,1535,902
4782,1535,5493
4785,1535,5495
15705,1535,18771
4777,1536,5492
4786,1536,5499
4789,1536,5500
4778,1537,5492
4787,1537,5499
4790,1537,5503
4779,1538,5492
4788,1538,5499
4791,1538,5506
1577,1540,362
2202,1540,598
4784,1540,5493
135,1544,13
15721,1544,204
2469,1544,772
15719,1544,2163
4792,1544,5525
15724,1545,204
15723,1545,578
2470,1545,772
4793,1545,5527
2471,1546,772
4795,1546,5529
15742,1546,17997
2472,1547,772
4796,1547,5529
15745,1547,17997
4800,1552,5544
4803,1552,5545
4806,1552,5546
4809,1552,5547
15150,1552,18218
15151,1552,18219
4801,1553,5544
4804,1553,5545
4807,1553,5546
4810,1553,5547
15153,1553,18218
15154,1553,18219
4802,1554,5544
4805,1554,5545
4808,1554,5546
4811,1554,5547
15156,1554,18218
15157,1554,18219
15761,1555,133
1187,1555,216
1901,1555,522
2443,1555,748
4812,1555,5557
4814,1555,5559
1188,1559,216
4813,1559,5557
4815,1559,5559
5659,1559,8723
1064,1560,204
2051,1560,564
2411,1560,713
15763,1560,788
2532,1560,818
15762,1560,843
3418,1560,2162
15765,1560,2274
15764,1560,3179
4816,1560,5573
66,1561,8
1861,1561,511
2052,1561,564
2165,1561,595
3395,1561,2128
2533,1562,818
3396,1562,2128
3487,1562,2287
4819,1562,5586
985,1564,198
15767,1564,204
15768,1564,385
15769,1564,488
15766,1564,772
2592,1564,898
4512,1564,4656
15774,1566,772
2745,1566,1036
4513,1566,4656
4821,1566,5599
4822,1566,5600
15776,1566,18844
15777,1567,772
2746,1567,1036
4514,1567,4656
4823,1567,5600
4824,1567,5604
15779,1567,18847
15781,1568,8
921,1568,181
986,1568,198
15783,1568,296
2085,1568,574
3181,1568,1640
4825,1568,5608
136,1569,13
15784,1569,110
15788,1569,131
15786,1569,142
1349,1569,288
15785,1569,3584
4826,1569,5610
15787,1569,6322
343,1571,68
2633,1571,950
1065,1575,204
1333,1575,285
2340,1575,643
15823,1575,2119
15822,1575,3883
1189,1576,216
1334,1576,285
15826,1576,595
15824,1576,643
15825,1576,2119
4828,1576,5632
1335,1577,285
1846,1577,496
15798,1577,595
2341,1577,643
15797,1577,2119
15795,1577,3883
15799,1577,7086
15796,1577,18864
9,1578,1
1847,1578,496
2342,1578,643
3196,1578,1688
15828,1578,3883
1784,1579,479
4829,1579,5641
4831,1579,5643
15831,1579,18899
15834,1580,141
4830,1580,5641
4832,1580,5645
4833,1580,5646
15832,1580,18900
4835,1582,5650
4836,1582,5651
67,1586,8
2678,1586,995
3715,1586,3179
4837,1586,5665
4838,1586,5666
4839,1586,5667
4840,1586,5668
4841,1586,5670
4842,1586,5671
426,1589,95
1720,1589,457
4845,1589,5678
4846,1589,5680
4848,1589,5681
4849,1589,5683
4850,1589,5684
1066,1590,204
1470,1590,332
4851,1590,5685
4854,1590,5686
1202,1596,217
2143,1596,583
4858,1596,5707
1203,1597,217
2144,1597,583
4859,1597,5710
1204,1598,217
2145,1598,583
4860,1598,5713
427,1599,95
15866,1599,583
4862,1599,5715
4866,1599,5717
15868,1600,583
3017,1600,1387
15869,1600,2503
4863,1600,5715
4867,1600,5719
4869,1600,5721
4864,1601,5715
4868,1601,5719
4870,1601,5724
2146,1603,583
3470,1603,2255
4874,1603,5729
4876,1603,5730
4878,1603,5731
4879,1603,5734
4880,1603,5735
15876,1603,6206
15873,1603,18941
15875,1603,18943
158,1604,14
239,1604,23
344,1604,68
496,1604,110
574,1604,133
15880,1604,142
1721,1604,457
15881,1604,601
3966,1604,3733
4532,1604,4700
4882,1604,5737
4884,1604,5738
4886,1604,5743
4887,1604,5747
15878,1604,18946
159,1605,14
345,1605,68
497,1605,110
575,1605,133
15885,1605,142
1731,1605,458
15886,1605,601
3967,1605,3733
4533,1605,4700
4883,1605,5737
4885,1605,5738
4888,1605,5747
4889,1605,5754
4890,1605,5755
15883,1605,18946
160,1609,14
428,1609,95
1067,1609,204
1105,1609,211
4897,1609,5792
4899,1609,5794
4900,1609,5796
4902,1609,5797
161,1610,14
429,1610,95
1068,1610,204
1106,1610,211
4898,1610,5792
4901,1610,5796
4903,1610,5797
4904,1610,5801
2778,1613,1068
3653,1613,2890
3660,1613,2912
4917,1613,5825
4918,1613,5826
4919,1613,5827
4920,1613,5829
15911,1613,13729
15912,1613,18980
827,1617,174
1280,1617,250
15927,1617,1572
4046,1617,3734
4228,1617,3984
4601,1617,4866
4934,1617,5861
4935,1617,5864
4936,1617,5865
68,1619,8
15930,1619,43
474,1619,98
1433,1619,321
15929,1619,496
1902,1619,522
15928,1619,643
3781,1619,3391
3906,1619,3713
4938,1619,5876
4939,1619,5877
283,1620,43
1434,1620,321
2122,1620,578
15932,1620,643
3110,1620,1556
4940,1620,5880
646,1622,141
736,1622,168
828,1622,174
910,1622,180
1915,1622,531
2254,1622,605
3633,1622,2775
3968,1622,3733
4048,1622,3734
15938,1622,19006
15941,1622,19009
1069,1623,204
2123,1623,578
2448,1623,762
2474,1623,772
3427,1623,2163
4324,1623,4153
4755,1623,5347
4942,1623,5902
430,1624,95
1070,1624,204
2475,1624,772
2671,1624,988
4176,1624,3883
4388,1624,4300
4943,1624,5902
4944,1624,5910
1789,1634,482
1806,1634,487
4049,1634,3734
4107,1634,3763
4310,1634,4128
4962,1634,5955
4965,1634,5979
4968,1634,5980
1755,1635,478
1807,1635,487
4050,1635,3734
4108,1635,3763
4311,1635,4128
4963,1635,5955
4966,1635,5979
4969,1635,5980
1791,1637,482
4052,1637,3734
4110,1637,3763
4368,1637,4264
4380,1637,4293
4972,1637,6002
4974,1637,6005
987,1639,198
2476,1639,772
2634,1639,950
4389,1639,4300
4875,1639,5729
4977,1639,6022
14966,1639,18030
14967,1639,18035
15982,1639,18166
15983,1639,19051
182,1644,18
2028,1644,563
3089,1644,1519
3095,1644,1523
4983,1644,6052
4984,1644,6053
4985,1644,6055
829,1662,174
962,1662,194
1264,1662,244
1604,1662,385
3131,1662,1586
3970,1662,3733
4906,1662,5807
5020,1662,6169
5022,1662,6170
5023,1662,6177
16033,1663,1202
3158,1663,1618
3824,1663,3441
3971,1663,3733
5024,1663,6179
5025,1663,6180
5026,1663,6181
5027,1663,6182
5030,1663,6185
5031,1663,6186
5033,1663,6187
16032,1663,19100
1071,1670,204
2358,1670,663
3541,1670,2496
5045,1670,6236
16062,1672,132
649,1672,141
1072,1672,204
1350,1672,288
2124,1672,578
3973,1672,3733
5050,1672,6242
5051,1672,6243
5052,1672,6244
5053,1672,6245
16060,1672,16553
16059,1672,19127
14730,1678,132
931,1678,184
14729,1678,578
2285,1678,613
14731,1678,3733
4229,1678,3984
4232,1678,3993
5063,1678,6275
5066,1678,6276
5068,1678,6279
5071,1678,6281
13243,1678,16293
13242,1678,16294
241,1679,23
431,1679,95
16077,1679,141
1073,1679,204
3271,1679,1843
3428,1679,2163
16074,1679,3734
16076,1679,3999
16078,1679,5064
5069,1679,6279
5072,1679,6285
5073,1679,6289
16075,1679,19143
2737,1696,1029
3570,1696,2570
4297,1696,4117
5110,1696,6405
5111,1696,6408
12598,1696,15666
3333,1716,1989
3542,1716,2496
16167,1716,2497
3625,1716,2743
3981,1716,3733
4482,1716,4602
5147,1716,6553
5148,1716,6558
11712,1716,14780
723,1726,167
889,1726,179
1308,1726,255
5158,1726,6598
2203,1736,598
3503,1736,2338
5175,1736,6640
5177,1736,6645
5178,1736,6646
2204,1738,598
2978,1738,1265
5176,1738,6640
5180,1738,6655
5181,1738,6656
476,1739,98
3272,1739,1843
4298,1739,4117
5182,1739,6657
5186,1739,6658
5190,1739,6659
477,1740,98
3273,1740,1843
4299,1740,4117
5183,1740,6657
5187,1740,6658
5191,1740,6659
478,1741,98
3274,1741,1843
4300,1741,4117
5184,1741,6657
5188,1741,6658
5192,1741,6659
5194,1741,6675
479,1742,98
3275,1742,1843
4301,1742,4117
5185,1742,6657
5189,1742,6658
5193,1742,6659
5195,1742,6675
553,1762,122
651,1762,141
988,1762,198
1809,1762,487
13062,1762,3733
5211,1762,6798
5212,1762,6801
937,1763,186
14787,1763,296
2055,1763,564
2524,1763,814
14786,1763,1261
4112,1763,3763
5213,1763,6803
5214,1763,6805
5215,1763,6808
16226,1763,18972
554,1764,122
16230,1764,141
1336,1764,285
1436,1764,321
16229,1764,496
16231,1764,563
16232,1764,5087
5216,1764,6812
5218,1764,6813
5219,1764,6814
480,1768,98
16239,1768,176
1437,1768,321
16240,1768,496
2237,1768,601
2827,1768,1088
4061,1768,3734
5229,1768,6836
5231,1768,6837
607,1791,140
1535,1791,345
4063,1791,3734
5249,1791,6960
5250,1791,6962
5251,1791,6963
5252,1791,6964
5253,1791,6965
5254,1791,6967
5255,1791,6968
5256,1791,6970
5257,1791,6971
5258,1791,6972
69,1802,8
14958,1802,180
955,1802,193
14957,1802,334
2125,1802,578
2286,1802,613
3984,1802,3733
5268,1802,7031
5270,1802,7032
5271,1802,7033
5279,1802,7090
14959,1802,18027
70,1803,8
2126,1803,578
2287,1803,613
5699,1803,1015
3985,1803,3733
5021,1803,6169
5269,1803,7031
5272,1803,7036
5273,1803,7038
5280,1803,7095
5298,1803,7221
5299,1803,7223
5700,1803,8768
1536,1828,345
16351,1828,349
3159,1828,1618
3261,1828,1840
5029,1828,6182
5295,1828,7206
5296,1828,7209
5297,1828,7210
759,1831,170
831,1831,174
911,1831,180
3636,1831,2860
3643,1831,2862
4455,1831,4530
4747,1831,5346
5301,1831,7231
16361,1831,8129
16360,1831,14931
16359,1831,19427
3282,1832,1873
3637,1832,2860
3644,1832,2862
4748,1832,5346
5302,1832,7231
16364,1832,8129
16362,1832,14931
16363,1832,19431
3283,1833,1873
3638,1833,2860
3645,1833,2862
4749,1833,5346
5303,1833,7231
16367,1833,8749
16366,1833,19427
16365,1833,19433
3284,1834,1873
3639,1834,2860
3646,1834,2862
4750,1834,5346
5304,1834,7231
16368,1834,14931
16369,1834,19437
16370,1834,19438
591,1857,137
1075,1857,204
1472,1857,332
1975,1857,554
15418,1857,578
2594,1857,898
4706,1857,5225
139,1858,13
592,1858,137
1076,1858,204
1473,1858,332
1976,1858,554
2595,1858,898
4707,1858,5225
5329,1858,7393
5330,1858,7394
140,1859,13
593,1859,137
1077,1859,204
1474,1859,332
1977,1859,554
2596,1859,898
4708,1859,5225
5331,1859,7394
16404,1860,14
566,1860,132
594,1860,137
653,1860,141
1351,1860,288
1606,1860,385
2127,1860,578
2597,1860,898
2738,1860,1029
3768,1860,3360
3986,1860,3733
4065,1860,3734
4390,1860,4300
4407,1860,4367
5336,1860,7423
5345,1860,7425
5356,1860,7477
16416,1860,19484
432,1862,95
567,1862,132
595,1862,137
654,1862,141
2128,1862,578
2598,1862,898
3769,1862,3360
3987,1862,3733
4066,1862,3734
16420,1862,3879
4391,1862,4300
4408,1862,4367
4967,1862,5979
5357,1862,7488
16419,1862,19487
656,1877,141
3146,1877,1591
3504,1877,2338
4114,1877,3763
5227,1877,6820
5363,1877,7500
5364,1877,7527
1224,1888,222
1438,1888,321
1903,1888,522
242,1892,23
1698,1892,430
1722,1892,457
3247,1892,1813
5377,1892,7594
608,1923,140
16581,1923,240
3694,1923,3127
16582,1923,3246
16583,1923,19651
3548,1927,2497
5380,1927,7696
5381,1927,7698
16604,1930,240
2156,1930,589
2261,1930,607
2288,1930,613
4602,1930,4866
16603,1930,7086
5384,1930,7705
16356,1930,19424
16358,1930,19426
2289,1932,613
4171,1932,3879
5385,1932,7711
483,1936,98
838,1936,175
16623,1936,176
1355,1936,288
3782,1936,3391
5393,1936,7732
16625,1936,19693
71,1938,8
1078,1938,204
2255,1938,605
2290,1938,613
16632,1938,3984
5395,1938,7740
16630,1938,19698
141,1941,13
243,1941,23
371,1941,81
657,1941,141
13127,1941,142
890,1941,179
1079,1941,204
1356,1941,288
16644,1941,563
16645,1941,1004
3519,1941,2411
4067,1941,3734
4211,1941,3970
5387,1941,7714
5396,1941,7756
5522,1941,8430
5530,1941,8463
5531,1941,8465
5532,1941,8466
5540,1941,8483
13120,1941,16188
13121,1941,16189
13122,1941,16190
13123,1941,16191
16937,1941,20005
1191,1942,216
1913,1942,530
1916,1942,531
1920,1942,532
142,1947,13
244,1947,23
16671,1947,141
16672,1947,3733
5403,1947,7781
5404,1947,7782
5405,1947,7783
16670,1947,19738
16673,1948,285
1439,1948,321
1848,1948,496
2056,1948,564
16675,1948,3332
5406,1948,7787
5407,1948,7790
16676,1948,13694
16677,1948,16020
1552,1950,347
16684,1950,563
16683,1950,1004
3262,1950,1840
3770,1950,3360
5409,1950,7795
16685,1950,19753
193,1951,22
433,1951,95
16688,1951,141
5410,1951,7799
16686,1951,19754
1225,1952,222
5411,1952,7799
16689,1952,19754
16691,1952,19759
143,1953,13
434,1953,95
16693,1953,3656
5412,1953,7799
16692,1953,19754
16694,1953,19762
1226,1954,222
16696,1954,2700
5413,1954,7799
16695,1954,19754
16697,1954,19759
16699,1955,3733
4952,1955,5948
5414,1955,7810
5415,1955,7811
16700,1955,19768
16701,1955,19769
16710,1956,141
1080,1956,204
2057,1956,564
16706,1956,788
16707,1956,849
16705,1956,913
2611,1956,915
3397,1956,2128
16708,1956,3179
16709,1956,3734
5416,1956,7812
5418,1956,7814
2058,1958,564
2534,1958,818
2605,1958,910
5421,1958,7820
5423,1958,7826
16716,1960,8
306,1960,65
16717,1960,141
989,1960,198
5424,1960,7835
3678,1975,3012
5426,1975,7881
435,1984,95
3800,1984,3410
16752,1984,3584
3890,1984,3656
4165,1984,3860
16753,1984,4133
308,1987,65
1441,1987,321
4578,1987,4771
4861,1987,5713
16758,1989,141
1357,1989,288
1723,1989,457
3032,1989,1402
16759,1989,3734
5431,1989,7933
12805,1991,21
347,1991,68
938,1991,186
5434,1991,7942
832,1994,174
3716,1994,3179
5435,1994,7952
5436,1994,7954
5437,1994,7955
877,1995,176
1651,1995,402
2030,1995,563
5438,1995,7958
1192,2004,216
12834,2004,518
1880,2004,519
4137,2004,3795
12833,2004,6114
5440,2004,7988
1193,2005,216
12837,2005,518
1881,2005,519
4138,2005,3795
12836,2005,6114
5441,2005,7992
1194,2006,216
12840,2006,518
1882,2006,519
4139,2006,3795
12839,2006,6114
5442,2006,7996
1786,2020,479
2451,2020,764
5446,2020,8036
12883,2020,15951
1195,2026,216
1904,2026,522
1921,2026,532
5448,2026,8055
5451,2026,8056
12903,2026,15971
12905,2026,15973
1196,2027,216
1905,2027,522
1922,2027,532
5449,2027,8055
5452,2027,8056
12906,2027,15971
12908,2027,15973
1197,2028,216
1906,2028,522
1923,2028,532
5450,2028,8055
5453,2028,8056
12909,2028,15971
12911,2028,15973
183,2039,18
12959,2039,550
3018,2039,1387
3096,2039,1523
3167,2039,1627
12958,2039,8287
1964,2045,547
3141,2045,1589
12976,2045,2683
5460,2045,8120
12975,2045,16043
12977,2045,16045
12978,2045,16046
3717,2049,3179
5463,2049,8129
5464,2049,8131
1082,2050,204
1442,2050,321
1699,2050,430
2317,2050,641
4953,2050,5948
1259,2059,240
2166,2059,595
3216,2059,1742
3626,2059,2743
2086,2063,574
3588,2063,2634
13026,2063,5547
5477,2063,8181
5478,2063,8182
13025,2063,15784
13024,2063,16092
1199,2084,216
2129,2084,578
2525,2084,814
3183,2084,1640
13076,2084,3734
5502,2084,8309
5506,2084,8319
13078,2084,16141
13079,2084,16142
13110,2100,141
13111,2100,150
1787,2100,479
1907,2100,522
2623,2100,934
3194,2100,1681
13109,2100,3733
4084,2100,3743
13108,2100,5458
5519,2100,8420
3334,2114,1989
3667,2114,2932
4068,2114,3734
4315,2114,4133
5382,2114,7698
5545,2114,8503
5546,2114,8508
879,2116,176
2808,2116,1087
3500,2116,2327
13146,2116,5668
13145,2116,7527
5548,2116,8517
5551,2116,8518
5553,2116,8519
5556,2116,8520
13147,2116,16215
164,2118,14
484,2118,98
5557,2118,8534
5558,2118,8536
5559,2118,8538
5560,2118,8539
5561,2118,8540
436,2125,95
1084,2125,204
1724,2125,457
3019,2125,1387
5567,2125,8569
5571,2125,8573
13165,2126,578
4420,2126,4396
5568,2126,8569
5572,2126,8573
5579,2126,8577
13177,2127,10
1309,2127,255
5569,2127,8569
5573,2127,8573
5580,2127,8582
1310,2128,255
5570,2128,8569
5574,2128,8573
5581,2128,8582
1085,2129,204
1111,2129,213
5575,2129,8573
5582,2129,8587
437,2130,95
3020,2130,1387
5576,2130,8573
5583,2130,8587
5586,2130,8592
5587,2130,8594
13167,2131,8
4421,2131,4396
5300,2131,7223
5577,2131,8573
5584,2131,8587
438,2137,95
2910,2137,1159
3021,2137,1387
4659,2137,5012
5164,2137,6611
5369,2137,7559
5589,2137,8635
5590,2137,8636
5591,2137,8639
13198,2137,16266
13203,2138,168
891,2138,179
912,2138,180
1317,2138,266
2256,2138,605
3735,2138,3272
13204,2138,8129
5592,2138,8641
5593,2138,8646
5595,2138,8647
5597,2138,8648
2131,2139,578
2257,2139,605
13201,2139,1442
3736,2139,3272
13200,2139,5064
5594,2139,8646
5596,2139,8647
5598,2139,8648
5599,2139,8649
5600,2139,8650
310,2141,65
658,2141,141
664,2141,142
1086,2141,204
4881,2141,5735
5425,2141,7835
5602,2141,8667
5603,2141,8668
5604,2141,8669
5605,2141,8671
5625,2149,494
5626,2149,8694
5628,2150,494
5627,2150,8695
5631,2152,231
5632,2152,496
5633,2153,494
5634,2153,8702
5638,2155,494
5637,2155,8705
5640,2156,494
5639,2156,8705
5650,2161,8718
5651,2161,8719
5652,2161,8720
5666,2168,216
5665,2168,8725
5671,2170,2882
5670,2170,8738
5672,2170,8740
5673,2171,7128
5674,2171,8742
5675,2171,8743
5695,2180,8763
5696,2180,8764
5770,2215,4224
5769,2215,8837
5772,2216,4224
5771,2216,8837
5776,2218,4560
5775,2218,8843
5779,2220,8847
5780,2220,8848
5781,2221,8847
5783,2221,8848
5782,2221,8850
5784,2222,8847
5786,2222,8848
5785,2222,8850
5787,2223,8847
5788,2223,8848
5789,2224,8847
5790,2224,8848
5792,2225,8847
5791,2225,8859
5793,2225,8861
5795,2226,8847
5794,2226,8859
5796,2226,8861
5826,2241,8894
5827,2241,8895
5828,2242,8896
5829,2242,8897
5831,2243,113
5830,2243,8898
10466,3973,141
10467,3973,216
10460,3973,519
10465,3973,735
10461,3973,749
10459,3973,800
10464,3973,3686
10463,3973,3733
10462,3973,3734
10458,3973,13526
10468,3973,13536
10470,3974,141
11758,3974,216
12831,3974,518
10469,3974,519
10471,3974,8889
14956,3997,141
14811,3997,174
14954,3997,180
14813,3997,240
16776,3997,605
14955,3997,912
14812,3997,2532
10538,3997,3734
16775,3997,3993
16778,3997,5931
10537,3997,6074
10539,3997,13607
13511,4007,8
13296,4007,43
10568,4007,122
16423,4007,141
10570,4007,204
10569,4007,522
10571,4007,762
16422,4007,934
13081,4007,3179
16424,4007,7496
13080,4007,16148
13512,4007,16580
10596,4016,68
10597,4016,965
10598,4016,13666
10606,4019,141
16427,4019,170
16428,4019,176
10605,4019,216
12552,4019,230
13351,4019,291
16262,4019,296
12551,4019,594
15553,4019,598
16539,4019,601
10790,4019,643
13733,4019,748
13520,4019,975
14172,4019,1029
10985,4019,1104
15286,4019,1267
12504,4019,2338
12993,4019,3733
10791,4019,3734
11364,4019,3948
15554,4019,5359
16891,4019,5931
12923,4019,6115
10789,4019,6563
13049,4019,8223
12926,4019,8503
10607,4019,13675
12994,4019,13694
11031,4019,14099
14173,4019,17241
15673,4019,18741
16264,4019,19332
16512,4019,19580
10615,4022,8
10614,4022,68
10616,4022,141
10634,4031,578
10635,4031,2101
10697,4056,1200
10696,4056,3734
10695,4056,13763
10705,4059,288
10704,4059,496
10703,4059,643
10728,4067,1029
10727,4067,1194
10890,4068,95
11357,4068,204
11780,4068,558
11359,4068,563
11358,4068,564
14049,4068,601
10892,4068,788
11601,4068,1202
12713,4068,1203
10891,4068,1402
11535,4068,1530
14655,4068,1649
14194,4068,1754
11779,4068,2730
10729,4068,3734
12712,4068,4161
12710,4068,4162
12711,4068,4163
11534,4068,4187
14657,4068,6813
10730,4068,13798
10731,4068,13799
10732,4068,13800
12496,4068,13836
10893,4068,13961
12497,4068,15565
14654,4068,17722
14656,4068,17724
10761,4079,1239
10762,4079,1241
10763,4079,3734
10884,4119,2098
10885,4119,13953
10886,4119,13954
10888,4120,4560
10887,4120,13955
10889,4120,13957
10956,4147,1202
10955,4147,14023
11048,4180,176
11049,4180,677
11047,4180,1087
11051,4181,176
11052,4181,677
11050,4181,1087
11135,4216,81
11129,4216,95
11130,4216,121
11138,4216,1770
11140,4216,14208
11164,4229,1812
11165,4229,1817
11181,4236,95
11183,4236,3734
11182,4236,14250
11184,4236,14252
11227,4252,141
11226,4252,3734
11228,4252,3999
11234,4255,2592
11233,4255,14301
11257,4262,649
11258,4262,1932
11255,4262,3733
11256,4262,6563
11338,4294,216
11339,4294,2024
11340,4295,1989
11341,4295,14409
11342,4296,1989
11343,4296,14409
11344,4297,1989
11345,4297,14409
11346,4298,1989
11347,4298,14409
11407,4320,186
11419,4326,663
11418,4326,1989
11501,4355,842
11502,4356,849
11503,4356,2272
11504,4356,2273
11505,4356,14573
11508,4357,788
11506,4357,846
11507,4357,849
12849,4407,216
11630,4407,848
11629,4407,2474
11631,4407,2480
12850,4407,3181
11844,4489,2042
11845,4489,14913
12017,4550,1387
12018,4550,1523
12019,4551,18
12020,4551,1387
12612,4564,141
12572,4564,174
12573,4564,216
12056,4564,339
12614,4564,599
12574,4564,920
12057,4564,1640
12055,4564,3079
12611,4564,3734
12613,4564,8503
12092,4578,140
12093,4578,780
12130,4594,141
12132,4594,488
12131,4594,489
12129,4594,3734
12138,4597,216
12139,4597,601
12140,4597,1187
12148,4601,1989
12149,4601,14362
12152,4603,216
12153,4603,2098
12159,4605,13
12157,4605,23
12158,4605,24
12156,4605,68
13085,4605,141
13083,4605,198
12160,4605,473
13084,4605,3734
12267,4645,168
12265,4645,339
12266,4645,594
12275,4648,3733
12276,4648,15344
12277,4648,15345
12299,4657,578
12300,4657,15368
12301,4657,15369
12302,4658,578
12304,4658,15369
12303,4658,15371
12305,4659,578
12306,4659,15368
12307,4659,15369
12308,4660,578
12310,4660,15369
12309,4660,15371
12311,4661,578
12312,4661,15369
12313,4661,15381
12319,4664,95
12321,4664,563
12322,4664,564
12320,4664,1402
12333,4669,3272
12332,4669,15400
12335,4670,14505
12334,4670,15402
12352,4676,132
12351,4676,578
12391,4698,15459
12392,4698,15460
12422,4708,2480
12420,4708,15488
12421,4708,15489
15178,4713,340
15177,4713,1627
12435,4713,2002
12436,4713,2593
12437,4713,15505
12462,4721,321
12463,4721,958
12494,4733,496
12493,4733,564
12514,4741,213
12515,4741,1387
12522,4745,176
12523,4745,694
12524,4746,171
12525,4746,176
15388,4746,496
15387,4746,601
15386,4746,613
12600,4772,168
12599,4772,216
12602,4773,339
12601,4773,1223
12630,4785,1591
12631,4785,15699
12632,4786,176
12633,4786,3917
12634,4787,176
12635,4787,3924
12636,4788,176
12637,4788,3931
12653,4794,179
12654,4794,803
12657,4795,141
12656,4795,3999
12655,4795,6276
12672,4802,141
12671,4802,3734
12673,4802,15741
12733,4823,141
12734,4823,2098
12737,4824,13
12736,4824,68
12735,4824,964
12738,4825,578
12739,4825,1556
12756,4833,110
12757,4833,222
12758,4833,583
12777,4839,578
12778,4839,613
12808,4852,8
12807,4852,68
12810,4853,68
12809,4853,578
12812,4854,68
12811,4854,578
13152,4948,1591
13153,4948,8129
13151,4948,16219
13170,4955,95
13171,4955,16239
13172,4956,95
13173,4956,16239
13185,4961,1989
13188,4961,2497
13186,4961,2932
13187,4961,6071
13189,4961,16257
13294,5009,43
13374,5052,8
13373,5052,68
13375,5052,204
13384,5055,204
13382,5055,213
13383,5055,2175
13385,5055,8715
13394,5058,167
13396,5058,168
13395,5058,570
14782,5060,141
14039,5060,168
13583,5060,187
13650,5060,188
13948,5060,204
15590,5060,216
14250,5060,255
13420,5060,291
14457,5060,296
13883,5060,334
13613,5060,340
15577,5060,402
13885,5060,563
16172,5060,564
13401,5060,598
13422,5060,599
13651,5060,601
13947,5060,788
13584,5060,1005
13667,5060,1029
13582,5060,1143
13771,5060,1362
13772,5060,1794
13403,5060,2890
16051,5060,3686
14784,5060,3734
14125,5060,4086
16207,5060,5813
13614,5060,6563
14783,5060,15848
13402,5060,16470
13669,5060,16737
13754,5060,16822
13755,5060,16823
16053,5060,19121
16493,5060,19561
16287,5061,176
16286,5061,291
14767,5061,296
14430,5061,334
13405,5061,578
13404,5061,598
15891,5061,4974
15892,5061,5186
13406,5061,16474
15893,5061,16541
13501,5062,140
13504,5062,141
13407,5062,167
13502,5062,240
16044,5062,330
13717,5062,397
13409,5062,601
13718,5062,607
13408,5062,631
13554,5062,828
13719,5062,2702
16042,5062,3734
16045,5062,6914
16041,5062,16077
13450,5076,519
13452,5076,15973
13451,5076,16519
13498,5090,7782
13499,5090,16567
13500,5090,16568
16235,5121,176
16236,5121,563
13598,5121,694
13597,5121,1087
15297,5121,1267
15620,5121,5407
13599,5121,6563
16002,5128,98
13618,5128,167
14041,5128,168
15376,5128,291
13951,5128,334
13950,5128,563
13952,5128,598
13779,5128,601
15603,5128,677
13778,5128,1029
14293,5128,1202
15303,5128,1267
14222,5128,2153
15302,5128,2687
14529,5128,4321
13619,5128,5047
13620,5128,6563
14179,5128,17247
13682,5148,249
13680,5148,340
14747,5148,578
15571,5148,1395
15570,5148,1734
13681,5148,16749
16208,5162,1
15040,5162,8
16641,5162,204
13726,5162,216
13725,5162,285
13729,5162,385
13728,5162,496
16210,5162,564
15130,5162,578
13727,5162,643
13730,5162,1579
15041,5162,18109
15472,5162,18540
13807,5188,216
14397,5188,1867
13808,5188,14266
14398,5188,15075
13809,5188,16877
14080,5280,204
14081,5280,17149
14082,5280,17150
14083,5280,17151
14095,5285,216
14127,5285,546
14096,5285,601
14097,5285,1187
16537,5285,2912
16535,5285,2932
14554,5285,3064
14395,5285,3732
14556,5285,3734
16536,5285,4086
16548,5285,6317
14555,5285,14505
14564,5285,15327
14442,5285,16553
14778,5285,17846
15841,5304,8
14148,5304,141
15843,5304,253
15842,5304,3713
14149,5304,3734
16735,5304,3764
16734,5304,4328
14150,5304,14546
14493,5307,667
14155,5307,1989
14156,5307,2497
16595,5307,2592
15245,5324,204
14198,5324,285
14199,5324,496
15244,5324,563
15246,5324,564
14200,5324,643
14587,5324,788
14588,5324,1223
14286,5359,1194
14287,5359,2890
14297,5364,1202
14296,5364,2153
14410,5409,519
14411,5409,546
14412,5409,17480
14439,5421,296
14438,5421,1202
14744,5536,578
14745,5536,2002
14775,5548,68
16223,5548,122
15502,5548,132
16224,5548,141
16225,5548,142
15261,5548,204
15112,5548,487
15113,5548,598
15262,5548,788
14773,5548,4260
15114,5548,5713
15328,5548,16020
15263,5548,16749
14774,5548,17842
14870,5556,43
14797,5556,122
14937,5556,204
14871,5556,496
14798,5556,598
14936,5556,643
16460,5556,1029
14836,5569,8
14837,5569,68
14838,5569,16524
14840,5570,141
14839,5570,216
14841,5570,3734
15996,5570,3763
15995,5570,6044
14927,5597,578
14925,5597,4734
14926,5597,17994
14928,5598,4734
14930,5598,4736
14929,5598,17997
14977,5614,65
14978,5614,18046
14999,5623,115
15000,5623,350
15001,5623,1785
15002,5624,115
15003,5624,350
15004,5624,1785
15005,5624,18073
15006,5625,115
15007,5625,350
15008,5625,1785
15009,5625,18077
15010,5626,204
15011,5626,564
15012,5626,643
15013,5626,1151
15063,5641,1029
15064,5641,3948
15069,5643,764
15068,5643,1029
15080,5647,578
15079,5647,18142
15082,5648,578
15081,5648,18142
15089,5651,18142
15090,5651,18158
15091,5652,578
15092,5652,18142
15497,5658,68
15110,5658,204
15109,5658,487
15499,5658,13694
15111,5658,18179
15125,5663,204
15126,5663,285
15124,5663,496
15480,5663,598
15127,5663,18195
15145,5669,8
15144,5669,487
15146,5669,18214
15182,5680,18
15180,5680,1520
15181,5680,18249
15219,5691,1840
15221,5691,6563
15220,5691,18288
15229,5694,578
15231,5694,598
15230,5694,1087
15236,5696,176
16238,5696,339
15237,5696,1087
15238,5696,3397
15264,5704,176
15266,5704,563
15265,5704,5099
15275,5707,578
15276,5707,18344
15277,5708,578
15278,5708,18344
15279,5709,8
15280,5709,18046
16656,5727,133
15329,5727,137
16657,5727,141
15331,5727,332
16655,5727,573
15330,5727,3360
15332,5727,5175
15381,5742,601
15380,5742,972
15382,5742,2634
15391,5745,216
15389,5745,818
15390,5745,3979
15394,5746,803
15392,5746,818
15393,5746,3979
15397,5747,240
15395,5747,818
15396,5747,3979
15399,5748,528
15398,5748,818
15400,5748,3984
15406,5750,216
15404,5750,818
15405,5750,18473
15409,5751,240
15408,5751,528
15407,5751,818
15410,5752,818
15412,5752,3984
15411,5752,18473
15453,5765,18521
15454,5765,18522
15516,5785,18584
15517,5785,18585
15528,5789,340
15529,5789,349
15530,5789,8313
15532,5790,950
15531,5790,5948
15533,5790,5952
15535,5791,578
15536,5791,7032
15534,5791,18602
15540,5793,479
15541,5793,3760
15542,5793,16553
15543,5794,479
15544,5794,3760
15545,5794,16553
16354,5799,8
16072,5799,141
15558,5799,174
16353,5799,179
15560,5799,613
16314,5799,1070
16355,5799,1442
16069,5799,3734
16070,5799,3993
16071,5799,3999
16313,5799,4335
16073,5799,5064
15559,5799,18627
16294,5799,19362
16295,5799,19363
16315,5799,19383
15616,5821,167
15617,5821,601
15626,5826,1104
15627,5826,5407
15628,5827,1104
15629,5827,5407
15647,5834,18715
15648,5834,18716
15649,5834,18717
15661,5838,487
15660,5838,578
15662,5838,18077
15689,5849,496
15690,5849,522
15691,5849,4086
15715,5861,216
15726,5865,578
15725,5865,772
15728,5866,578
15727,5866,772
15730,5867,578
15729,5867,772
15735,5869,578
15734,5869,772
15738,5870,578
15736,5870,772
15737,5870,5533
15740,5871,578
15739,5871,772
15800,5887,643
15801,5887,3883
15803,5887,7086
15802,5887,18864
15804,5888,643
15807,5888,2119
15805,5888,3883
15806,5888,18864
15810,5889,595
15808,5889,643
15809,5889,3883
15815,5891,643
15817,5891,2119
15816,5891,18864
15856,5904,217
15857,5904,583
15858,5904,2503
15871,5910,142
15870,5910,5715
15872,5910,5721
15913,5922,430
15916,5922,3970
15914,5922,18982
15915,5922,18983
15917,5923,430
15920,5923,3970
15918,5923,18982
15919,5923,18983
15921,5924,204
15924,5924,5856
15922,5924,15951
15923,5924,18991
15937,5928,43
16766,5928,98
16767,5928,204
15935,5928,496
15934,5928,643
15936,5928,4767
15966,5936,487
15964,5936,5955
15965,5936,5979
15969,5937,487
15967,5937,5955
15968,5937,5979
15973,5938,487
15972,5938,1265
15970,5938,5955
15971,5938,19039
15976,5939,487
15975,5939,4264
15974,5939,4293
15980,5940,487
15978,5940,4264
15977,5940,4293
15979,5940,19039
16007,5949,18
16006,5949,1519
16008,5949,19076
16019,5953,176
16020,5953,1114
16022,5953,3584
16021,5953,3948
16754,5977,65
16101,5977,122
16100,5977,479
16756,5977,3733
16755,5977,7921
16174,6002,176
16175,6002,496
16176,6002,1158
16190,6009,186
16191,6009,6658
16194,6011,385
16195,6011,19263
16243,6027,176
16244,6027,334
16258,6032,601
16260,6032,1029
16259,6032,6563
16408,6086,1029
16407,6086,7434
16430,6093,3948
16429,6093,19497
16459,6102,8
16458,6102,496
16457,6102,522
16515,6121,1989
16513,6121,2274
16514,6121,2932
16518,6122,1989
16516,6122,2274
16517,6122,2932
16519,6123,2274
16520,6123,2932
16521,6123,19589
16522,6124,2274
16524,6124,15998
16523,6124,19591
16579,6140,141
16577,6140,330
16578,6140,780
16646,6160,216
16647,6160,530
16648,6161,216
16649,6161,531
16650,6162,216
16651,6162,530
16652,6163,216
16653,6163,530
16702,6177,8
16703,6177,5948
16704,6177,19772
16739,6187,141
16738,6187,142
16741,6187,176
16740,6187,3734
16737,6187,19805
16742,6188,110
16744,6188,141
16743,6188,3734
16745,6188,6322
16782,6200,3211
16781,6200,16912
16961,6255,3179
16960,6255,20028
